﻿Mã Phiếu,Đài đánh,Đài trúng,Số,Cược,Giá trúng,Tiền trúng,Kiểu đánh,Loại Đánh,Thành viên
88440866DFE140D2B3E44D4E93607C07,Khánh Hoà,Khánh Hoà,06,60,80,"4,800",Đuôi,Đánh thường,y101060301
16490EB531E7494EBB63857A6614CD88,Khánh Hoà,Khánh Hoà,06,15,75,"1,125",Đuôi,Đánh thường,hd10040310
AB82FA9DD18E442C82B15FCF165D8E0F,"Đà Nẵng, Khánh Hoà","Đà Nẵng, Khánh Hoà","06, 14",2,560,"1,120",Đá Xiên,Đánh thường,am07130124
F739E742F9BA43CB89D2C132140A3FEE,"Đà Nẵng, Khánh Hoà","Đà Nẵng, Khánh Hoà","06, 20",1,500,500,Đá Xiên,Đánh thường,am02040601
7AB5469FFD7E4E1796B7EE664D65C6A8,Khánh Hoà,Khánh Hoà,"06, 21",4,700,"2,800",Đá,Đánh thường,eb58000001
9DA67551CF004345A7BA2831C6F7EDD9,"Đà Nẵng, Khánh Hoà","Đà Nẵng, Khánh Hoà","06, 92",2,560,"1,120",Đá Xiên,Đánh thường,am07130124
78E41C2006E84A26AFE908A70AE2A0F6,Khánh Hoà,Khánh Hoà,065,3,600,"1,800",Bao Lô,Đánh thường,eb14020202
055879C6857B4D758AC4E85E0BD85B0C,Đà Nẵng,Đà Nẵng,10,30,80,"2,400",Đầu,Đánh thường,y101060301
367F97EE69364DB3AD7E4E9E1E181690,"Khánh Hoà, Đà Nẵng",Đà Nẵng,10,50,80,"4,000",Đầu,Đánh thường,eb04040404
B2168962B6A846C98497809E1B016AAF,"Đà Nẵng, Khánh Hoà",Đà Nẵng,10,15,70,"1,050",Bao Lô,Đánh thường,y101030219
23B84FF6C83F443CA02B263A713FF5BE,"Khánh Hoà, Đà Nẵng",Đà Nẵng,10,107,75,"8,025",Đầu,Đánh thường,lta1040202
3B708C82B8474A5B9F1AFD2523334727,Đà Nẵng,Đà Nẵng,10,135,75,"10,125",Đầu,Đánh thường,hd10040310
4878FD946BE443F1B5DF1490B134EC09,Đà Nẵng,Đà Nẵng,10,30,80,"2,400",Đầu,Đánh thường,y101060301
66A8185532F64824A59C7068178F7709,"Đà Nẵng, Khánh Hoà",Đà Nẵng,10,30,80,"2,400",Đầu,Đánh thường,hd08020104
8B5D3FF5974145F8B3071540A36FB6B2,"Đà Nẵng, Khánh Hoà",Đà Nẵng,10,100,80,"8,000",Đầu,Đánh thường,hd08020104
97010EF86D0849D594F872C987E16C09,"Đà Nẵng, Khánh Hoà",Đà Nẵng,10,120,75,"9,000",Đầu,Đánh thường,am07130124
E088998CCC62452089CBAB5D74858E63,"Đà Nẵng, Khánh Hoà",Đà Nẵng,10,120,75,"9,000",Đầu,Đánh thường,am07130124
C4697C583EE34AB59B3CE285CDDFF159,"Đà Nẵng, Khánh Hoà",Đà Nẵng,10,470,75,"35,250",Đầu,Đánh thường,hd01580102
9D8C5FAE3AB94D42B4E25F338D850834,"Đà Nẵng, Khánh Hoà",Đà Nẵng,10,20,75,"1,500",Đầu,Đánh thường,hd08020205
DF5138AF31924E248ECF803CCD27C166,"Khánh Hoà, Đà Nẵng",Đà Nẵng,10,218,75,"16,350",Đầu,Đánh thường,hd09070101
91931B89176D444DB4FB9AFC0F24E943,"Đà Nẵng, Khánh Hoà",Đà Nẵng,10,10,80,800,Bao Lô,Đánh thường,eb04040402
19B9A9356D9E413687D1574C45D8145C,"Khánh Hoà, Đà Nẵng",Đà Nẵng,10,150,80,"12,000",Đầu,Đánh thường,atn010105
74BFE829D14D4030A8FC459906568F53,"Khánh Hoà, Đà Nẵng",Đà Nẵng,10,30,80,"2,400",Đầu,Đánh thường,eb04040403
4D6E5C4DF4064DF68D4AC99537382A21,"Đà Nẵng, Khánh Hoà",Đà Nẵng,10,2,70,140,Bao Lô,Đánh thường,h01020130
FC4664B886F64B34AED74C2E272E7C56,"Khánh Hoà, Đà Nẵng",Đà Nẵng,10,110,75,"8,250",Đầu,Đánh thường,hd09070101
7F428168326240A2A403C7C11C18300D,"Đà Nẵng, Khánh Hoà",Đà Nẵng,10,10,80,800,Bao Lô,Đánh thường,eb04040402
F5855D3B40F54EA9B30C025E844A4ADC,"Khánh Hoà, Đà Nẵng",Đà Nẵng,10,220,75,"16,500",Đầu,Đánh thường,hd09070101
F59E2B230B8B4F28BC0B7AD221CFCDAD,"Đà Nẵng, Khánh Hoà","Đà Nẵng, Khánh Hoà","10, 17",3,560,"1,680",Đá Xiên,Đánh thường,eb04040402
C0F5DDB6646C45ACA128424C6089B19F,Đà Nẵng,Đà Nẵng,"10, 31",1,750,750,Đá,Đánh thường,lta1040203
1FB3E3AC33B04D6B807EBAD75B8FC5F3,"Đà Nẵng, Khánh Hoà","Đà Nẵng, Khánh Hoà","10, 31",10,560,"5,600",Đá Xiên,Đánh thường,lta1040208
2C97936C374E43CAA8898B53E1D57A5A,"Đà Nẵng, Khánh Hoà",Đà Nẵng,12,10,70,700,Bao Lô,Đánh thường,eb40030101
8A9628F89C7C43F2AF8D6FE677E9E8AC,"Khánh Hoà, Đà Nẵng",Đà Nẵng,12,200,75,"15,000",Bao Lô,Đánh thường,hd01110301
093C79DAD69245AF80AFD36DB1627797,"Đà Nẵng, Khánh Hoà",Đà Nẵng,12,2,80,160,Bao Lô,Đánh thường,eb02070206
40A080891A6D4FDAB86ED91D421860C8,"Đà Nẵng, Khánh Hoà","Đà Nẵng, Khánh Hoà","12, 21",8,560,"4,480",Đá Xiên,Đánh thường,am07130118
C5BEBC7630F44EB5AF4A49D91A52F2DC,"Khánh Hoà, Đà Nẵng","Khánh Hoà, Đà Nẵng","12, 21",25,510,"12,750",Đá Xiên,Đánh thường,hd03070102
D0A3CD4871F041CAB3AED12C806B24A1,"Khánh Hoà, Đà Nẵng","Khánh Hoà, Đà Nẵng","12, 21",2,560,"1,120",Đá Xiên,Đánh thường,atm080101
CA1B55F942854742AEA4ABF376F39F1E,"Khánh Hoà, Đà Nẵng","Khánh Hoà, Đà Nẵng","12, 21",80,560,"44,800",Đá Xiên,Đánh thường,hd01110301
475BA915A24F4C4BB13943D7AFD42BA1,"Khánh Hoà, Đà Nẵng","Khánh Hoà, Đà Nẵng","12, 21",15,510,"7,650",Đá Xiên,Đánh thường,hd03070102
79F1C18D1EA642C2A0C8956C2D611F7A,"Đà Nẵng, Khánh Hoà","Đà Nẵng, Khánh Hoà","12, 25",8,560,"4,480",Đá Xiên,Đánh thường,am07130118
4613B6927B1A460C8CDB022CCF082E7E,"Đà Nẵng, Khánh Hoà","Đà Nẵng, Khánh Hoà","12, 63",4,560,"2,240",Đá Xiên,Đánh thường,am07130131
6BD12C5A64524291A59B9DA551436F25,"Khánh Hoà, Đà Nẵng","Khánh Hoà, Đà Nẵng","12, 92",25,510,"12,750",Đá Xiên,Đánh thường,hd03070102
35ACCC5060854D8D99EF89B0C210B95D,"Khánh Hoà, Đà Nẵng","Khánh Hoà, Đà Nẵng","12, 92",2,560,"1,120",Đá Xiên,Đánh thường,atm080101
4483D5462C554429865901E5C6A02FD8,"Khánh Hoà, Đà Nẵng","Khánh Hoà, Đà Nẵng","12, 92",15,510,"7,650",Đá Xiên,Đánh thường,hd03070102
C2DEA860E00C452DBB5CD55A4DF32F5E,"Khánh Hoà, Đà Nẵng",Đà Nẵng,14,22,75,"1,650",Bao Lô,Đánh thường,lta1040206
0FD2956C7A9E40029EE226320C159B2F,"Đà Nẵng, Khánh Hoà","Đà Nẵng, Khánh Hoà","14, 92",2,560,"1,120",Đá Xiên,Đánh thường,am07130124
874B7F346C26423094B919BC0E31596D,"Khánh Hoà, Đà Nẵng",Đà Nẵng,15,13,70,910,Bao Lô,Đánh thường,eb40030101
B99F2EAD5F83479EAF7B8CB5357A66FD,"Khánh Hoà, Đà Nẵng",Đà Nẵng,15,10,70,700,Bao Lô,Đánh thường,eb40030101
5FD9CA74F143424EA0C5519E413B2DA9,"Đà Nẵng, Khánh Hoà",Đà Nẵng,15,10,70,700,Bao Lô,Đánh thường,eb40030101
CCDA2C39EDBF4E6D8628C86A8EDB5B2C,"Đà Nẵng, Khánh Hoà",Đà Nẵng,15,2,70,140,Bao Lô,Đánh thường,h01020130
FAFB74A731F3463F95B9DA0EF5C67F99,"Đà Nẵng, Khánh Hoà",Đà Nẵng,15,10,75,750,Bao Lô,Đánh thường,eb47010201
12E5C178D6814786A96E5D0324C23497,"Đà Nẵng, Khánh Hoà",Đà Nẵng,15,3,70,210,Bao Lô,Đánh thường,h01020130
877D08B14A9441DA8E0C0611139CB433,"Đà Nẵng, Khánh Hoà",Đà Nẵng,15,3,70,210,Bao Lô,Đánh thường,am02040601
9B49F8EC61364B93970FA3982A5A86AD,"Khánh Hoà, Đà Nẵng","Khánh Hoà, Đà Nẵng","15, 26",5,560,"2,800",Đá Xiên,Đánh thường,eb04040405
8339DC8579B34D5C80BBA39A01BAEA47,"Đà Nẵng, Khánh Hoà","Đà Nẵng, Khánh Hoà","15, 59",1.6,560,896,Đá Xiên,Đánh thường,am07130131
43CA204A78FD4A7C8AF894AC938BE90C,"Khánh Hoà, Đà Nẵng",Khánh Hoà,17,13,70,910,Bao Lô,Đánh thường,eb40030101
7EEC725E310644EFBA6CB2AC91D68439,"Khánh Hoà, Đà Nẵng",Khánh Hoà,17,10,70,700,Bao Lô,Đánh thường,eb40030101
DF09D08905B5455BA314BD4811CFA083,Khánh Hoà,Khánh Hoà,17,13,70,910,Bao Lô,Đánh thường,y2b5010101
11294CE401444353B67F4191DC68E3DB,"Đà Nẵng, Khánh Hoà",Khánh Hoà,17,800,75,"60,000",Bao Lô,Đánh thường,y2b3040102
32EB68F73BB041299D4BF6E86CA593E1,"Khánh Hoà, Đà Nẵng",Khánh Hoà,17,45,80,"3,600",Bao Lô,Đánh thường,atn020102
C7EBFFD1693D43539E076A3541B6ACE2,"Khánh Hoà, Đà Nẵng",Khánh Hoà,17,1,80,80,Bao Lô,Đánh thường,eb04040405
C147AD6DE2D94A6FB2C513AE0617E7FA,"Đà Nẵng, Khánh Hoà",Khánh Hoà,17,1,80,80,Bao Lô,Đánh thường,hd08030103
531294205B914962B9BAD924B95B3C66,"Đà Nẵng, Khánh Hoà",Khánh Hoà,17,4,70,280,Bao Lô,Đánh thường,am02040601
1978F90398B240DD9311F67540CF2D47,Khánh Hoà,Khánh Hoà,17,200,80,"16,000",Bao Lô,Đánh thường,eb03010102
A67EEEBFEABE49918D2043BDDE880DEE,Khánh Hoà,Khánh Hoà,"17, 18",5,750,"3,750",Đá,Đánh thường,lta1040202
25AD984C32864C238C6B5948849D1E99,"Đà Nẵng, Khánh Hoà","Đà Nẵng, Khánh Hoà","17, 31",0.4,510,204,Đá Xiên,Đánh thường,am02040401
5429375C86014988A5188392FE9DDE91,"Đà Nẵng, Khánh Hoà","Đà Nẵng, Khánh Hoà","17, 31",10,560,"5,600",Đá Xiên,Đánh thường,lta1040208
521ED696759247F694B7B5DDCBA2D9AD,"Đà Nẵng, Khánh Hoà","Đà Nẵng, Khánh Hoà","17, 31",1,500,500,Đá Xiên,Đánh thường,am02040601
55B11785D4D84A62B73D2404913EA93E,Khánh Hoà,Khánh Hoà,"17, 44",3,750,"2,250",Đá,Đánh thường,eb42130101
8AD270D3C14B426D84CF128F504EB621,"Khánh Hoà, Đà Nẵng","Khánh Hoà, Đà Nẵng","17, 44",2,560,"1,120",Đá Xiên,Đánh thường,atm080101
5F064BBD36FE4C9F866BEE0C236654A7,"Đà Nẵng, Khánh Hoà","Đà Nẵng, Khánh Hoà","17, 56",6,560,"3,360",Đá Xiên,Đánh thường,hd08020205
FFC411804AF741CDAD3FEEA24E8F64A7,"Khánh Hoà, Đà Nẵng","Khánh Hoà, Đà Nẵng","17, 67",1.1,560,616,Đá Xiên,Đánh thường,eb04040404
22C90ABAE43B456E8B3A92A88123D7A9,"Đà Nẵng, Khánh Hoà","Đà Nẵng, Khánh Hoà","17, 93",0.8,560,448,Đá Xiên,Đánh thường,am07130124
31C45B10CEAC49A1901DDEDBE8C067E5,"Đà Nẵng, Khánh Hoà",Khánh Hoà,18,10,70,700,Bao Lô,Đánh thường,eb40030101
951AFD02246E466496A986F02E0FA7C5,"Khánh Hoà, Đà Nẵng",Khánh Hoà,18,2,80,160,Bao Lô,Đánh thường,atn020102
FE33F7B8137A4585ADB6C5BD98CEB0E8,"Đà Nẵng, Khánh Hoà",Khánh Hoà,18,5,70,350,Bao Lô,Đánh thường,y101031303
94D75FCC6122463E9E220AFD5A48CD24,Khánh Hoà,Khánh Hoà,18,200,80,"16,000",Bao Lô,Đánh thường,eb03010102
9A223DB43C7F4F53B7A0836185A41AD9,Khánh Hoà,Khánh Hoà,18,100,80,"8,000",Bao Lô,Đánh thường,eb03010102
4ADA380584314FED90ACD5AEFEBC1EAA,"Đà Nẵng, Khánh Hoà",Đà Nẵng,20,20,80,"1,600",Bao Lô,Đánh thường,eb04040402
202528C9E2A24C00831EBC23CE2DFEF8,"Đà Nẵng, Khánh Hoà",Đà Nẵng,20,3,70,210,Bao Lô,Đánh thường,am02040601
1467BB8A9F7B4B059B33814E7D931DC1,"Đà Nẵng, Khánh Hoà",Đà Nẵng,20,10,80,800,Bao Lô,Đánh thường,eb04040402
7264F366F8C54B97A5D6A041C5426783,"Đà Nẵng, Khánh Hoà","Đà Nẵng, Khánh Hoà","20, 74",1,500,500,Đá Xiên,Đánh thường,am02040601
05C2D878613241279B7A590737333937,"Khánh Hoà, Đà Nẵng",Khánh Hoà,21,13,70,910,Bao Lô,Đánh thường,eb40030101
1B7661B8885E4AAFA30036888E9EEB2F,"Khánh Hoà, Đà Nẵng",Khánh Hoà,21,10,70,700,Bao Lô,Đánh thường,eb40030101
4011E8E115684688BC6A56AA3648A235,"Đà Nẵng, Khánh Hoà",Khánh Hoà,21,10,70,700,Bao Lô,Đánh thường,eb40030101
24D775BB024646188EAE921BB227A658,"Khánh Hoà, Đà Nẵng",Khánh Hoà,21,10,70,700,Bao Lô,Đánh thường,eb40030101
F496493CA5074971BFFC763ADDFBFFB1,"Đà Nẵng, Khánh Hoà",Khánh Hoà,21,16,75,"1,200",Bao Lô,Đánh thường,hd08020203
16CF96942C584E7C8CF78C2B3C896ECD,"Khánh Hoà, Đà Nẵng",Khánh Hoà,21,200,75,"15,000",Bao Lô,Đánh thường,hd01110301
E04F5A54B1224056A77798A64ABC7F9E,Khánh Hoà,Khánh Hoà,21,800,75,"60,000",Bao Lô,Đánh thường,y2b3040102
0F3BF43845EE4235A12CCBC2C0A0C2C6,"Khánh Hoà, Đà Nẵng",Khánh Hoà,21,40,70,"2,800",Bao Lô,Đánh thường,eb42010101
E9F538B0388744F08FC950C932B88249,"Đà Nẵng, Khánh Hoà",Khánh Hoà,21,2,80,160,Bao Lô,Đánh thường,eb02070206
B79ECDB13D2E4A62AF97EE1A4546118A,"Đà Nẵng, Khánh Hoà",Khánh Hoà,21,5,70,350,Bao Lô,Đánh thường,y101031303
E56E89F811DA4849AF07C3A71E315A80,"Đà Nẵng, Khánh Hoà",Khánh Hoà,21,4,75,300,Bao Lô,Đánh thường,am07130129
CF640722882446FDB39328436A97F8C0,"Đà Nẵng, Khánh Hoà","Đà Nẵng, Khánh Hoà","21, 25",8,560,"4,480",Đá Xiên,Đánh thường,am07130118
F37A7E025C274A79A8C20C4BB8D38188,Khánh Hoà,Khánh Hoà,"21, 28",0.9,700,630,Đá,Đánh thường,eb47010302
EE838B1264B84C4B8BB7EAC7CC4A33E5,"Đà Nẵng, Khánh Hoà","Đà Nẵng, Khánh Hoà","21, 58",2,560,"1,120",Đá Xiên,Đánh thường,am07130124
1A2CE6F4AB8E46F792CAABB4C3535595,"Đà Nẵng, Khánh Hoà","Đà Nẵng, Khánh Hoà","21, 83",2,560,"1,120",Đá Xiên,Đánh thường,am07130124
3313D9BAC03E4028924B11113141D790,"Khánh Hoà, Đà Nẵng","Khánh Hoà, Đà Nẵng","21, 92",25,510,"12,750",Đá Xiên,Đánh thường,hd03070102
27D3DE29EC464FA7881EFBD5207F279A,"Khánh Hoà, Đà Nẵng","Khánh Hoà, Đà Nẵng","21, 92",2,560,"1,120",Đá Xiên,Đánh thường,atm080101
C2C2AFC70D224452AA02955681740E93,"Khánh Hoà, Đà Nẵng","Khánh Hoà, Đà Nẵng","21, 92",15,510,"7,650",Đá Xiên,Đánh thường,hd03070102
773B07526BDC46D7A53008FCF606E98B,"Khánh Hoà, Đà Nẵng","Khánh Hoà, Đà Nẵng","21, 93",10,560,"5,600",Đá Xiên,Đánh thường,am07130120
7527B5CF9C084D0DBAA7D9C9C18DCE2D,Khánh Hoà,Khánh Hoà,216,5,650,"3,250",Bao Lô,Đánh thường,lta1040202
5E6244863C3241E0B03452D16B6E7068,Khánh Hoà,Khánh Hoà,221,20,580,"11,600",Bao Lô,Đánh thường,hd04020305
DAB7AB50D7734B3098E32711F080AD18,"Khánh Hoà, Đà Nẵng",Khánh Hoà,25,13,70,910,Bao Lô,Đánh thường,eb40030101
0871C6D01D964F809CA6109405B73799,"Khánh Hoà, Đà Nẵng",Khánh Hoà,25,10,70,700,Bao Lô,Đánh thường,eb40030101
A2E15DDD80BD4D37B1CEDBC03B82B156,"Đà Nẵng, Khánh Hoà",Khánh Hoà,25,800,75,"60,000",Bao Lô,Đánh thường,y2b3040102
46D5373C8B664D25BD25D4D5D072AF56,"Đà Nẵng, Khánh Hoà",Khánh Hoà,25,5,70,350,Bao Lô,Đánh thường,y101030219
7270326161CD466FAB8E148ABDCE2842,"Khánh Hoà, Đà Nẵng",Khánh Hoà,25,5,80,400,Bao Lô,Đánh thường,atn020102
510DA940E9AE4F04BF29957BDC83308A,"Đà Nẵng, Khánh Hoà","Đà Nẵng, Khánh Hoà","25, 65",2,560,"1,120",Đá Xiên,Đánh thường,am07130129
1C94B2496CC3403186872DB2301C859E,"Đà Nẵng, Khánh Hoà","Đà Nẵng, Khánh Hoà","25, 65",24,560,"13,440",Đá Xiên,Đánh thường,am07130124
0ED0CC16E056418DA7D4F8B4BF1006DA,"Khánh Hoà, Đà Nẵng",Đà Nẵng,26,10,70,700,Bao Lô,Đánh thường,eb40030101
3017BD1AB4DD4036B0D1E020B1AA2C28,"Khánh Hoà, Đà Nẵng",Đà Nẵng,26,10,70,700,Bao Lô,Đánh thường,eb40030101
53552ECDE0B346298B707C9ADE438264,"Khánh Hoà, Đà Nẵng",Đà Nẵng,26,10,70,700,Bảy Lô Giữa,Đánh thường,eb40030101
F8D8326C394740B280A121283F290F62,"Khánh Hoà, Đà Nẵng",Đà Nẵng,26,250,75,"18,750",Bao Lô,Đánh thường,hd10040401
8D8FEE97DB764BE8AFB7415AED8714F8,"Đà Nẵng, Khánh Hoà","Đà Nẵng, Khánh Hoà","26, 74",0.5,560,280,Đá Xiên,Đánh thường,h01020105
B6B2DAFB0EB1479EAA6AF4A46B97CEB5,"Khánh Hoà, Đà Nẵng",Khánh Hoà,28,10,70,700,Bao Lô,Đánh thường,eb40030101
A8934629644647A68C4C81246783116B,"Đà Nẵng, Khánh Hoà",Khánh Hoà,28,50,80,"4,000",Bao Lô,Đánh thường,lta1090308
620397B3426F4DB1B3C1E8DF5458EFEB,"Đà Nẵng, Khánh Hoà",Khánh Hoà,28,800,75,"60,000",Bao Lô,Đánh thường,y2b3040102
E42A7DAA80C044C483B7D558320E1ACC,"Khánh Hoà, Đà Nẵng",Khánh Hoà,28,22,75,"1,650",Bao Lô,Đánh thường,lta1040206
B0CC1EE639324F65BF47E8C4E71FC752,"Đà Nẵng, Khánh Hoà",Khánh Hoà,28,5,60,300,Bao Lô,Đánh thường,hd08040102
B30EFCCFD7D943289A965B8F68517988,"Khánh Hoà, Đà Nẵng",Khánh Hoà,28,10,80,800,Bao Lô,Đánh thường,hd04020102
3A5631C665CD4A0E89B08B8F71624812,"Khánh Hoà, Đà Nẵng",Khánh Hoà,28,68,80,"5,440",Bao Lô,Đánh thường,atn020102
08B970EDAE054048B5861E204591F829,"Đà Nẵng, Khánh Hoà",Khánh Hoà,28,10,80,800,Bao Lô,Đánh thường,eb02090001
6746A1C3890D4C76AF5A06B45F1A6D1C,Khánh Hoà,Khánh Hoà,28,200,80,"16,000",Bao Lô,Đánh thường,eb03010102
C18A700488FD46C691C75A29614DD9D5,Khánh Hoà,Khánh Hoà,28,100,80,"8,000",Bao Lô,Đánh thường,eb03010102
648376D5FEDB43B08C9C86D11D1EE4F3,"Đà Nẵng, Khánh Hoà","Đà Nẵng, Khánh Hoà","28, 67",38.4,560,"21,504",Đá Xiên,Đánh thường,am07130131
21372027334D4185BD10114EC6FE72D8,"Đà Nẵng, Khánh Hoà","Đà Nẵng, Khánh Hoà","28, 82",4,560,"2,240",Đá Xiên,Đánh thường,am07130129
4EBC1D24F6CD4F7B95766EFA039E5C92,"Khánh Hoà, Đà Nẵng",Đà Nẵng,31,10,70,700,Bao Lô,Đánh thường,eb40030101
513EFB0325AD48DB99D1A74155BDF6B6,"Khánh Hoà, Đà Nẵng",Đà Nẵng,31,13,70,910,Bao Lô,Đánh thường,eb40030101
43B1CB9B721D47F09B9D4C4494092791,"Khánh Hoà, Đà Nẵng",Đà Nẵng,31,12,75,900,Bao Lô,Đánh thường,hd08020106
E92892DB199244889234591E4F282DD4,"Đà Nẵng, Khánh Hoà",Đà Nẵng,31,5,80,400,Bao Lô,Đánh thường,y101070205
01BFF82C69084ED591029A51903E801E,Đà Nẵng,Đà Nẵng,31,100,75,"7,500",Bao Lô,Đánh thường,hd01500102
378A4962ECFB40C4B200581681D11F5E,"Đà Nẵng, Khánh Hoà",Đà Nẵng,31,15,80,"1,200",Bao Lô,Đánh thường,y101070205
5822D3F80AA149CCAC99EAF36C386255,"Đà Nẵng, Khánh Hoà",Đà Nẵng,31,2,70,140,Bao Lô,Đánh thường,h01020130
18F43E27E4C2480AB19C3F41E8096650,"Khánh Hoà, Đà Nẵng",Đà Nẵng,31,40,70,"2,800",Bao Lô,Đánh thường,eb42010101
01A8D9E0EE0542E3B92C7970B7CAD3E4,"Khánh Hoà, Đà Nẵng",Đà Nẵng,31,1,80,80,Bao Lô,Đánh thường,eb04040405
02EB171C46474A59A531A520F24D6F34,"Đà Nẵng, Khánh Hoà",Đà Nẵng,31,3,70,210,Bao Lô,Đánh thường,h01020130
227B7524DEE3491F9FA8AF34F3A005A3,"Khánh Hoà, Đà Nẵng",Đà Nẵng,31,1,80,80,Bao Lô,Đánh thường,eb04040405
BC20FB9EDDC246D18C5D4D652848160F,"Đà Nẵng, Khánh Hoà",Đà Nẵng,31,15,80,"1,200",Bao Lô,Đánh thường,y101070205
98B495A303C14AEA956E47C7985E8777,"Đà Nẵng, Khánh Hoà",Đà Nẵng,31,20,80,"1,600",Bao Lô,Đánh thường,y101070205
87435EC71F5C4443ABB88B98CA1C44E5,"Đà Nẵng, Khánh Hoà","Đà Nẵng, Khánh Hoà","31, 93",0.8,560,448,Đá Xiên,Đánh thường,am07130124
7D9AE1EFDCDA40E58492DFB950B6BBA6,"Khánh Hoà, Đà Nẵng",Khánh Hoà,35,13,70,910,Bao Lô,Đánh thường,eb40030101
D6D2705F48664E0C87756858F6B326A9,"Khánh Hoà, Đà Nẵng",Khánh Hoà,35,10,70,700,Bao Lô,Đánh thường,eb40030101
41EEBA49F205469E93FFEA1CDD6FF914,"Đà Nẵng, Khánh Hoà",Khánh Hoà,35,10,70,700,Bao Lô,Đánh thường,eb40030101
2D759647779B45D8BF0817FE5FC1867A,Khánh Hoà,Khánh Hoà,35,26,70,"1,820",Đầu,Đánh thường,hd09100201
BB194BF4CCDB4802B899E86EA65E7856,Khánh Hoà,Khánh Hoà,35,60,80,"4,800",Đầu,Đánh thường,y101060301
8CA1753F4F394FFCBA992666FC885DD0,"Khánh Hoà, Đà Nẵng",Khánh Hoà,35,18,70,"1,260",Bao Lô,Đánh thường,eb40030101
8C12940F1B224D2E8B00485B63352F9F,Khánh Hoà,Khánh Hoà,35,15,75,"1,125",Đầu,Đánh thường,hd10040310
7DE6228DB80B4B55A2F911E2ADDE8B96,"Đà Nẵng, Khánh Hoà",Khánh Hoà,35,20,75,"1,500",Đầu,Đánh thường,hd10040310
C1A657E7194E4F06ADD6ADA44FF3CD47,"Đà Nẵng, Khánh Hoà",Khánh Hoà,35,20,60,"1,200",Đầu,Đánh thường,hd08040102
97EB96C2635240648D2A10CC4D3BA78B,"Đà Nẵng, Khánh Hoà","Đà Nẵng, Khánh Hoà","35, 53",0.8,560,448,Đá Xiên,Đánh thường,am07130124
B353A5081A8944CF89A78E7063B281BC,"Khánh Hoà, Đà Nẵng",Khánh Hoà,38,10,70,700,Bao Lô,Đánh thường,eb40030101
CAF2C287705B48819893E06E8C05D1CC,Khánh Hoà,Khánh Hoà,38,6.5,70,455,Bao Lô,Đánh thường,y2b5010101
FD6796D8D63049ABA7A061F9D234A704,"Khánh Hoà, Đà Nẵng",Khánh Hoà,38,10,70,700,Bao Lô,Đánh thường,eb40030101
5CA27AB994DD49A7A97C1EDCE6746D0D,"Đà Nẵng, Khánh Hoà",Khánh Hoà,38,10,75,750,Bao Lô,Đánh thường,h01020105
35680528E1F547CB933CDE802127861A,Khánh Hoà,Khánh Hoà,38,800,75,"60,000",Bao Lô,Đánh thường,y2b3040102
06B7B342BC344FB3842B78CD32D80250,"Khánh Hoà, Đà Nẵng",Khánh Hoà,38,150,70,"10,500",Bao Lô,Đánh thường,y101030404
AFEA43B8DCE647599F3A978875AF7EEA,Khánh Hoà,Khánh Hoà,38,200,80,"16,000",Bao Lô,Đánh thường,eb03010102
C8645FCC99504BB59A6DA43077295364,"Đà Nẵng, Khánh Hoà",Khánh Hoà,38,60,75,"4,500",Bao Lô,Đánh thường,hd01291000
6BED84A26FEE4BAA8DCBBC7D12B8F654,"Khánh Hoà, Đà Nẵng",Khánh Hoà,38,2,80,160,Bao Lô,Đánh thường,eb06020107
9AEF1D7F6A984007AF9AC1EA23D26488,Khánh Hoà,Khánh Hoà,38,100,80,"8,000",Bao Lô,Đánh thường,eb03010102
D4FC312691E54E709D04CF4101256605,"Khánh Hoà, Đà Nẵng","Khánh Hoà, Đà Nẵng","38, 83",1.1,560,616,Đá Xiên,Đánh thường,eb04040404
2EC91AD3F4B04C31BD53B4E8463C007D,"Đà Nẵng, Khánh Hoà","Đà Nẵng, Khánh Hoà","38, 83",1.6,560,896,Đá Xiên,Đánh thường,am07130129
1DD8DDF8F5FE46DAA4F5660C75377EC9,"Khánh Hoà, Đà Nẵng","Khánh Hoà, Đà Nẵng","38, 83",0.6,560,336,Đá Xiên,Đánh thường,eb04040404
D05CAA6D05ED408B83586578CA930A21,"Đà Nẵng, Khánh Hoà","Đà Nẵng, Khánh Hoà","38, 83",0.8,560,448,Đá Xiên,Đánh thường,am07130124
851272D236D141A4B97A7C324F34C251,"Đà Nẵng, Khánh Hoà",Đà Nẵng,40,90,80,"7,200",Bao Lô,Đánh thường,y101070206
0F954F9EE7BE44F488E2CE8D447CBD20,"Đà Nẵng, Khánh Hoà",Đà Nẵng,40,3,70,210,Bao Lô,Đánh thường,am02040601
836276B5B95E414996F2E301C2CAA48D,"Đà Nẵng, Khánh Hoà","Đà Nẵng, Khánh Hoà","40, 44",1.5,560,840,Đá Xiên,Đánh thường,hd10040305
36B7BC440E964CFF80F71F84ED0F8246,"Đà Nẵng, Khánh Hoà","Đà Nẵng, Khánh Hoà","40, 80",1,500,500,Đá Xiên,Đánh thường,am02040601
94D270820B2F4D0E8CFA9C6E70AB27C1,"Đà Nẵng, Khánh Hoà",Khánh Hoà,44,10,70,700,Bao Lô,Đánh thường,eb40030101
4224BAD07F284A32A77EC27948C1C64A,"Khánh Hoà, Đà Nẵng",Khánh Hoà,44,60,75,"4,500",Bao Lô,Đánh thường,lta1040208
0E3063D84DDB40019E3FB611C5EF5B1D,Khánh Hoà,Khánh Hoà,44,5,60,300,Bao Lô,Đánh thường,hd08040102
7072FA76610E4168B8C9F40A698C0000,"Đà Nẵng, Khánh Hoà","Đà Nẵng, Khánh Hoà","44, 48",4,560,"2,240",Đá Xiên,Đánh thường,am07130124
40FC68CC8C294A54A8BD3D4394093577,"Khánh Hoà, Đà Nẵng","Khánh Hoà, Đà Nẵng","44, 48",2,560,"1,120",Đá Xiên,Đánh thường,atm080101
F9478FB031744B1BBB94F7AD0B1409F4,"Đà Nẵng, Khánh Hoà","Đà Nẵng, Khánh Hoà","44, 48",4,560,"2,240",Đá Xiên,Đánh thường,hd08020205
DC9B57136DE54976937D337FDE4C4EC3,"Đà Nẵng, Khánh Hoà","Đà Nẵng, Khánh Hoà","44, 59",1,550,550,Đá Xiên,Đánh thường,eb02070206
717935B1DF024949837A54B5354C44B6,"Đà Nẵng, Khánh Hoà","Đà Nẵng, Khánh Hoà","44, 74",1,550,550,Đá Xiên,Đánh thường,eb02070206
39B05E2830E9481E9E6C1B6417A62689,"Khánh Hoà, Đà Nẵng",Đà Nẵng,47,10,70,700,Bao Lô,Đánh thường,eb40030101
BD3F3B92DC52431485B4B2903FEA30FA,"Khánh Hoà, Đà Nẵng",Đà Nẵng,47,20,70,"1,400",Bao Lô,Đánh thường,am02040103
7E0A683AC48F4BD0B0F42072205F9E09,"Đà Nẵng, Khánh Hoà",Đà Nẵng,47,1,70,70,Bao Lô,Đánh thường,am02040201
56F6AA3554764DCFB8FE922EB67C2A0D,"Khánh Hoà, Đà Nẵng",Đà Nẵng,47,12,75,900,Bao Lô,Đánh thường,hd08020106
017F94FCCDE94AB79C3665A0B2D89F56,"Khánh Hoà, Đà Nẵng",Khánh Hoà,48,10,70,700,Bảy Lô Giữa,Đánh thường,eb40030101
64A9BF03ABD24228B6DF3C8FA338E013,"Đà Nẵng, Khánh Hoà",Khánh Hoà,48,10,70,700,Bao Lô,Đánh thường,eb40030101
60210954D52E493EBF46CE34E1CA6D43,"Đà Nẵng, Khánh Hoà",Khánh Hoà,48,800,75,"60,000",Bao Lô,Đánh thường,y2b3040102
2981FF1606494842B12EEA87BD3D6F4B,"Đà Nẵng, Khánh Hoà",Khánh Hoà,48,500,60,"30,000",Bao Lô,Đánh thường,hd10040103
9EDAF2C469194D71A99A332E0B2ACE06,"Khánh Hoà, Đà Nẵng",Khánh Hoà,48,320,75,"24,000",Bao Lô,Đánh thường,hd10040106
1B0CD59623B747169F021DCE6945D37B,"Khánh Hoà, Đà Nẵng",Khánh Hoà,48,2,80,160,Bao Lô,Đánh thường,atn020102
5278747297194AB096EC29B153D963DD,"Đà Nẵng, Khánh Hoà",Khánh Hoà,48,4,70,280,Bao Lô,Đánh thường,am02040601
B503F273BD5D461B8F6D388FA003E5AD,Khánh Hoà,Khánh Hoà,48,200,80,"16,000",Bao Lô,Đánh thường,eb03010102
5D170E1E20F646968305AE8636FD4923,Khánh Hoà,Khánh Hoà,48,100,80,"8,000",Bao Lô,Đánh thường,eb03010102
429D214DF2ED41ABACC4BF10B75933B3,"Khánh Hoà, Đà Nẵng",Khánh Hoà,53,13,70,910,Bao Lô,Đánh thường,eb40030101
57B5632C42C64FD8A9907DC205D6577E,"Đà Nẵng, Khánh Hoà",Khánh Hoà,53,10,70,700,Bao Lô,Đánh thường,eb40030101
8A04C4DBE8DE42C5893D549ACE5CFB24,"Đà Nẵng, Khánh Hoà",Khánh Hoà,53,5,70,350,Bao Lô,Đánh thường,y101031303
6FE210A1D63C421CBDE5A77E4A442FE1,"Đà Nẵng, Khánh Hoà",Khánh Hoà,53,11,70,770,Bao Lô,Đánh thường,y101031303
E5691F6465A94FBA81BA180DF67EC9F3,"Đà Nẵng, Khánh Hoà",Khánh Hoà,53,50,80,"4,000",Bao Lô,Đánh thường,y101070205
3ED01A79386444248D307BCA455D7D0A,"Đà Nẵng, Khánh Hoà",Khánh Hoà,53,15,70,"1,050",Bao Lô,Đánh thường,y101031303
191662E02BED4F399F13062CA4AF0093,"Đà Nẵng, Khánh Hoà",Khánh Hoà,53,10,70,700,Bao Lô,Đánh thường,y101031303
348F2B9DBA87400C8867FDAE62507C4E,"Đà Nẵng, Khánh Hoà","Đà Nẵng, Khánh Hoà","53, 54",3,560,"1,680",Đá Xiên,Đánh thường,hd09100704
94AD83AC60F441DBB9C85A8D5F58A612,"Đà Nẵng, Khánh Hoà","Đà Nẵng, Khánh Hoà","53, 83",1,450,450,Đá Xiên,Đánh thường,hd10040104
3A2B4B2B0675482AB2A341F5612A6B1F,"Đà Nẵng, Khánh Hoà","Đà Nẵng, Khánh Hoà","53, 83",5,560,"2,800",Đá Xiên,Đánh thường,bhd25010404
D1D2AFE499524445826C85A8A4E4D3A6,"Đà Nẵng, Khánh Hoà","Đà Nẵng, Khánh Hoà","53, 93",1,450,450,Đá Xiên,Đánh thường,hd10040104
C74FB752CFCE496486FE8B21AA196323,"Đà Nẵng, Khánh Hoà","Đà Nẵng, Khánh Hoà","53, 93",15,560,"8,400",Đá Xiên,Đánh thường,hd01580105
95803021E8F144C7BA0D8F30A0577BF7,"Khánh Hoà, Đà Nẵng",Đà Nẵng,54,3,80,240,Bao Lô,Đánh thường,atn020102
75404AA0CE244C6CB0A3E7472F391925,Đà Nẵng,Đà Nẵng,54,15,80,"1,200",Bao Lô,Đánh thường,atn020102
F67DC20704064CE3A5114AE59FA1E013,Đà Nẵng,Đà Nẵng,54,200,80,"16,000",Bao Lô,Đánh thường,eb03010102
9BBB663CD5EB48A0A85F526F0607BC6B,Đà Nẵng,Đà Nẵng,54,100,80,"8,000",Bao Lô,Đánh thường,eb03010102
DCD04FE5C60E49D89ED213CBD107F16C,"Khánh Hoà, Đà Nẵng",Đà Nẵng,56,143,75,"10,725",Bảy Lô Giữa,Đánh thường,hd04030101
CD03297C22E2476AA1AE634E61A0EDE8,"Khánh Hoà, Đà Nẵng",Đà Nẵng,56,5,70,350,Bao Lô,Đánh thường,eb42120102
911E4D0D6CD74D0F85B14D80395BD46E,Đà Nẵng,Đà Nẵng,56,200,80,"16,000",Bao Lô,Đánh thường,eb03010102
9F55A564038B4C24999CAC1C5B6B44DC,Đà Nẵng,Đà Nẵng,56,100,80,"8,000",Bao Lô,Đánh thường,eb03010102
C87ADAC0F4E54701B03E73EE627014EB,"Đà Nẵng, Khánh Hoà","Đà Nẵng, Khánh Hoà","56, 59",0.8,560,448,Đá Xiên,Đánh thường,am07130129
09A263DEF06048558391A31C29FCA49C,"Đà Nẵng, Khánh Hoà","Đà Nẵng, Khánh Hoà","56, 59",0.8,560,448,Đá Xiên,Đánh thường,am07130129
9653E41746A44CA7AA3AA2C7A57A5F56,"Khánh Hoà, Đà Nẵng","Khánh Hoà, Đà Nẵng","56, 65",1.1,560,616,Đá Xiên,Đánh thường,eb04040404
A08176E51E004E1C88B598FB79361A7A,"Đà Nẵng, Khánh Hoà","Đà Nẵng, Khánh Hoà","56, 65",0.5,420,210,Đá Xiên,Đánh thường,hd08040102
2E4D648040B54F2D85DDFC08F8660D20,"Đà Nẵng, Khánh Hoà","Đà Nẵng, Khánh Hoà","56, 65",1.1,560,616,Đá Xiên,Đánh thường,hd08030103
F05674958B7545129A2C18D3D15DEFA1,"Đà Nẵng, Khánh Hoà","Đà Nẵng, Khánh Hoà","56, 65",0.8,560,448,Đá Xiên,Đánh thường,am07130129
552C137C4E7A437B91B84A8A6C591EBD,"Đà Nẵng, Khánh Hoà","Đà Nẵng, Khánh Hoà","56, 65",0.8,560,448,Đá Xiên,Đánh thường,am07130129
A4C58B1C67FC404E87DD1B67D34C3EF8,"Đà Nẵng, Khánh Hoà",Đà Nẵng,58,10,70,700,Bao Lô,Đánh thường,eb40030101
D4CAD40D6EFB4D05BECF0F0A16D31539,"Đà Nẵng, Khánh Hoà","Đà Nẵng, Khánh Hoà","58, 67",0.8,560,448,Đá Xiên,Đánh thường,am07130124
2E43EBF375C944E5B49DCFFE4E887A09,"Đà Nẵng, Khánh Hoà","Đà Nẵng, Khánh Hoà","58, 83",2,560,"1,120",Đá Xiên,Đánh thường,am07130124
A655C0C4F4D44189AA22CF18D78F292A,"Đà Nẵng, Khánh Hoà","Đà Nẵng, Khánh Hoà","58, 85",0.8,560,448,Đá Xiên,Đánh thường,am07130124
D611B33A5ECF458CABA4E696C65C7E7C,"Đà Nẵng, Khánh Hoà","Đà Nẵng, Khánh Hoà","58, 85",4,560,"2,240",Đá Xiên,Đánh thường,am07130124
ECCC4A034A1C48B9896C72DDE6FA18D0,"Đà Nẵng, Khánh Hoà","Đà Nẵng, Khánh Hoà","58, 93",4,560,"2,240",Đá Xiên,Đánh thường,am07130124
9170B195CBA843D5BBCD507F28C536AB,"Khánh Hoà, Đà Nẵng",Khánh Hoà,59,13,70,910,Bao Lô,Đánh thường,eb40030101
8E24A9152637428BADA219551656BDCA,"Đà Nẵng, Khánh Hoà",Khánh Hoà,59,10,70,700,Bao Lô,Đánh thường,eb40030101
DF51005B436546618F99BD84F61D30E0,"Đà Nẵng, Khánh Hoà","Đà Nẵng, Khánh Hoà","59, 65",0.8,560,448,Đá Xiên,Đánh thường,am07130129
CE1FD123B63B49B9AC9597BFF91DCC4C,"Đà Nẵng, Khánh Hoà","Đà Nẵng, Khánh Hoà","59, 65",0.8,560,448,Đá Xiên,Đánh thường,am07130129
EE074CF71FA2434797C2D0CE8FAE1E65,"Đà Nẵng, Khánh Hoà","Đà Nẵng, Khánh Hoà","59, 74",1,550,550,Đá Xiên,Đánh thường,eb02070206
AF0F628909394EB3AF8F27EAED8F45F4,"Đà Nẵng, Khánh Hoà","Đà Nẵng, Khánh Hoà","59, 83",5,560,"2,800",Đá Xiên,Đánh thường,bhd25010404
C8F1D1DC7F8748A2B91A05FDD8850F92,"Đà Nẵng, Khánh Hoà",Đà Nẵng,615,5,600,"3,000",Bao Lô,Đánh thường,h01020130
08B886D93A424581A66BF867561AF91B,"Khánh Hoà, Đà Nẵng",Đà Nẵng,63,10,70,700,Bao Lô,Đánh thường,eb40030101
0D3C0B8E35444F7A83C1685D5BD4E239,"Khánh Hoà, Đà Nẵng",Đà Nẵng,63,10,70,700,Bao Lô,Đánh thường,eb40030101
52CC8D08BB114179B34625EF6E5B2DAD,"Đà Nẵng, Khánh Hoà",Đà Nẵng,63,50,80,"4,000",Bao Lô,Đánh thường,y101070202
5EBB0A61DE4E46E18416D470660676BD,"Đà Nẵng, Khánh Hoà",Đà Nẵng,63,800,75,"60,000",Bao Lô,Đánh thường,y2b3040102
F583717A7C0C4BD18068930D062C98CE,"Khánh Hoà, Đà Nẵng",Đà Nẵng,63,5,70,350,Bao Lô,Đánh thường,eb42120102
777EE402789A4DE28D9AC70B868B9A2E,"Khánh Hoà, Đà Nẵng",Đà Nẵng,63,18,75,"1,350",Bảy Lô Đuôi,Đánh thường,hd04030101
F39BAAC9E38E4065BC51F9AEF587F414,"Đà Nẵng, Khánh Hoà","Đà Nẵng, Khánh Hoà","63, 74",4,560,"2,240",Đá Xiên,Đánh thường,am07130124
2C44BEF86C024DCC8B3DE98EEB0B660E,"Khánh Hoà, Đà Nẵng",Khánh Hoà,644,1,650,650,Bao Lô,Đánh thường,atm080101
84679F6F20DB48128C1DC0FE86725DE5,"Khánh Hoà, Đà Nẵng",Khánh Hoà,65,13,70,910,Bao Lô,Đánh thường,eb40030101
FC031342D09A495EA7E23B38CF65ADB0,"Khánh Hoà, Đà Nẵng",Khánh Hoà,65,10,70,700,Bao Lô,Đánh thường,eb40030101
161A520206E7459CA9F1919C5C95B70E,"Khánh Hoà, Đà Nẵng",Khánh Hoà,65,143,75,"10,725",Bảy Lô Giữa,Đánh thường,hd04030101
9F4E3573F4A64980A43D1F21A678C11B,"Khánh Hoà, Đà Nẵng",Khánh Hoà,65,71,75,"5,325",Bảy Lô Giữa,Đánh thường,hd04030101
A29C0443FF314C0FBC0A0094B2F049FC,"Đà Nẵng, Khánh Hoà",Khánh Hoà,65,72,75,"5,400",Bao Lô,Đánh thường,am07130131
6723A81180EB458686A6BACDB554A069,"Khánh Hoà, Đà Nẵng",Khánh Hoà,65,1,80,80,Bao Lô,Đánh thường,eb04040405
9A760CD0A16C4B2384138249B26A9651,"Đà Nẵng, Khánh Hoà","Đà Nẵng, Khánh Hoà","65, 83",2,560,"1,120",Đá Xiên,Đánh thường,eb04040402
34E085F162DE4592BB76359B526FC231,"Khánh Hoà, Đà Nẵng",Khánh Hoà,67,10,70,700,Bao Lô,Đánh thường,eb40030101
B04265D138D0476D8692AD4FAFEB0C95,"Khánh Hoà, Đà Nẵng",Khánh Hoà,67,13,70,910,Bao Lô,Đánh thường,eb40030101
308489A47445452EAC925E2486B9A713,"Khánh Hoà, Đà Nẵng",Khánh Hoà,67,10,70,700,Bảy Lô Giữa,Đánh thường,eb40030101
6811B46C3B324F64955DB311DD11493E,"Đà Nẵng, Khánh Hoà",Khánh Hoà,67,800,75,"60,000",Bao Lô,Đánh thường,y2b3040102
1284FB349BA9421C86E2108E2479FD9C,"Đà Nẵng, Khánh Hoà",Khánh Hoà,67,96,75,"7,200",Bao Lô,Đánh thường,hd10040106
C66E7D7E4F904B0ABE19EF2ADEE844A9,"Đà Nẵng, Khánh Hoà",Khánh Hoà,67,2,70,140,Bao Lô,Đánh thường,am02040201
DDFEDA19F0634F0CB9558974BA322E37,"Khánh Hoà, Đà Nẵng",Khánh Hoà,67,10,80,800,Bao Lô,Đánh thường,y101010514
0D0D96593B1143E6B1AE50CC0F861619,"Đà Nẵng, Khánh Hoà",Khánh Hoà,67,20,80,"1,600",Bao Lô,Đánh thường,eb02090001
661C39029F904E5490F17A900C67499B,"Đà Nẵng, Khánh Hoà","Đà Nẵng, Khánh Hoà","67, 74",2.4,560,"1,344",Đá Xiên,Đánh thường,am07130124
373B1C2DC1BB4D02BC183A0F60B09B31,"Đà Nẵng, Khánh Hoà","Đà Nẵng, Khánh Hoà","67, 83",4,560,"2,240",Đá Xiên,Đánh thường,am07130124
EB8375D46844405B917E6CBAF1D05AE6,"Đà Nẵng, Khánh Hoà","Đà Nẵng, Khánh Hoà","67, 85",0.8,560,448,Đá Xiên,Đánh thường,am07130124
88B44FAC8AE146B59D58FFD56F3B3F61,"Khánh Hoà, Đà Nẵng",Khánh Hoà,74,10,70,700,Bao Lô,Đánh thường,eb40030101
B55C6322D27C4A9AAFA66D4A18B335E2,"Khánh Hoà, Đà Nẵng",Khánh Hoà,74,12,70,840,Bao Lô,Đánh thường,eb40030101
FC871E4B381B47AEB326828A11D41229,"Đà Nẵng, Khánh Hoà",Khánh Hoà,74,3,70,210,Bao Lô,Đánh thường,am02040601
44D6C870BDC54FDCA5DBD862C7CDC7C9,"Đà Nẵng, Khánh Hoà",Khánh Hoà,80,800,75,"60,000",Bao Lô,Đánh thường,y2b3040102
84C4B964159C4B86ACB6029F5414ADFD,"Đà Nẵng, Khánh Hoà",Khánh Hoà,80,300,75,"22,500",Bao Lô,Đánh thường,eb04100000
5884F6772D3D4C49B3A54A987868DB1B,"Đà Nẵng, Khánh Hoà",Khánh Hoà,80,3,70,210,Bao Lô,Đánh thường,am02040601
20C60F1F4B724E73A6D9C2BB937865A1,Khánh Hoà,Khánh Hoà,828,6,600,"3,600",Bao Lô,Đánh thường,ate1040305
2963D980F323463088443A62321F2AEE,"Khánh Hoà, Đà Nẵng",Đà Nẵng,83,10,70,700,Bao Lô,Đánh thường,eb40030101
43A426D79804403E9ED1D87079F6AC12,"Khánh Hoà, Đà Nẵng",Đà Nẵng,83,13,70,910,Bao Lô,Đánh thường,eb40030101
4AD6063F19794B7C9B6E0AB6A3AAF7BC,"Khánh Hoà, Đà Nẵng",Đà Nẵng,83,10,70,700,Bao Lô,Đánh thường,eb40030101
34545D5843EC480C84D60876674D457C,"Đà Nẵng, Khánh Hoà",Đà Nẵng,83,10,75,750,Bao Lô,Đánh thường,am07040102
6ADCAD2B9B2446478C231E6532467381,"Đà Nẵng, Khánh Hoà",Đà Nẵng,83,60,75,"4,500",Bao Lô,Đánh thường,hd01291000
AE53D9F8226547AFAD40CF17F1A70E1F,"Đà Nẵng, Khánh Hoà","Đà Nẵng, Khánh Hoà","83, 93",1,450,450,Đá Xiên,Đánh thường,hd10040104
F67A18EB0FBD4736BF381B6E771605C2,"Khánh Hoà, Đà Nẵng",Đà Nẵng,85,10,70,700,Bao Lô,Đánh thường,eb40030101
0D84D298B2AA487CBB60068DCFA7FAC6,"Đà Nẵng, Khánh Hoà",Đà Nẵng,85,800,75,"60,000",Bao Lô,Đánh thường,y2b3040102
46F9FF5168574011948D72C412115FA6,Đà Nẵng,Đà Nẵng,85,3,80,240,Đuôi,Đánh thường,eb02070206
B262C4064A3C4FFCB9D1739B4AF93543,Đà Nẵng,Đà Nẵng,85,60,80,"4,800",Đuôi,Đánh thường,y101060301
644EE6BBD07D40CE89A982FAF2214C86,Khánh Hoà,Khánh Hoà,917,3.9,600,"2,340",Bao Lô,Đánh thường,y2b5010101
7C236114543A4A8296D9CE2CDA4707C4,Khánh Hoà,Khánh Hoà,917,6,600,"3,600",Bao Lô,Đánh thường,ate1040301
561B16F162A645699D853BAF10475B8D,"Đà Nẵng, Khánh Hoà",Đà Nẵng,92,50,80,"4,000",Bao Lô,Đánh thường,y101070206
CF5CAEBBD5214DF0B3A74C6DB834628D,Đà Nẵng,Đà Nẵng,92,200,75,"15,000",Bao Lô,Đánh thường,y2b3040102
23A2E1D788B04F2EBFAC03BCE2BDE72E,"Đà Nẵng, Khánh Hoà",Đà Nẵng,92,50,75,"3,750",Bao Lô,Đánh thường,hd01291000
B819ED46892541949A848B78BAC28E79,"Đà Nẵng, Khánh Hoà",Đà Nẵng,92,10,70,700,Bao Lô,Đánh thường,y101031303
885DCA7F8BD84965A63BB5E6C1ABE92E,"Khánh Hoà, Đà Nẵng",Khánh Hoà,93,13,70,910,Bao Lô,Đánh thường,eb40030101
093D6A8A474F4D2FB85EE64B683408B0,"Đà Nẵng, Khánh Hoà",Khánh Hoà,93,300,80,"24,000",Bao Lô,Đánh thường,y101070208
C4F3071CCD9D49298A02CA8672B06CC7,"Khánh Hoà, Đà Nẵng",Khánh Hoà,93,1,80,80,Bao Lô,Đánh thường,eb04040404
621BD60B60574CF99F25A49AA08897EF,"Đà Nẵng, Khánh Hoà",Khánh Hoà,93,1,80,80,Bao Lô,Đánh thường,hd08030103
94E6FF7707D6479F90510A59890C71E5,"Đà Nẵng, Khánh Hoà",Khánh Hoà,93,4,70,280,Bao Lô,Đánh thường,am02040601
5FEA80B0D2C243EDAD1FD7D251361387,"Đà Nẵng, Khánh Hoà",Khánh Hoà,93,60,75,"4,500",Bao Lô,Đánh thường,hd01291000
5E642356684947BD823F45A427C42E13,"Đà Nẵng, Khánh Hoà",Khánh Hoà,93,85,75,"6,375",Bao Lô,Đánh thường,hd01580103
8FFDD503665F47FF9000AE2669237468,"Đà Nẵng, Khánh Hoà",Khánh Hoà,93,10,80,800,Bao Lô,Đánh thường,y101070205
80179716A13A470DAFCFE83FAF68EF98,"Đà Nẵng, Khánh Hoà",Khánh Hoà,938,3,650,"1,950",Bao Lô,Đánh thường,h01020105
E3ABC7DE77F44DC1A60531DB80655689,"Khánh Hoà, Đà Nẵng",Đà Nẵng,98,10,70,700,Bảy Lô Giữa,Đánh thường,eb40030101
05238C41934F40BE857218104B1EF53C,"Đà Nẵng, Khánh Hoà",Đà Nẵng,98,10,70,700,Bao Lô,Đánh thường,eb40030101
2D7A3625E2064002B972561B65239EDD,"Khánh Hoà, Đà Nẵng",Đà Nẵng,98,20,80,"1,600",Bao Lô,Đánh thường,atn010106
C509F6BC73E04579A49FD99FF003F9CF,Đà Nẵng,Đà Nẵng,98,15,60,900,Bao Lô,Đánh thường,hd08040102
49F53DC524AA4C73A8C6978B7B761DD7,"Đà Nẵng, Khánh Hoà",Đà Nẵng,98,80,75,"6,000",Bao Lô,Đánh thường,hd01291000
FC934414AF5D4D858526953DCE338BF8,"Đà Nẵng, Khánh Hoà",Đà Nẵng,98,50,75,"3,750",Bao Lô,Đánh thường,hd01291000
,,,,,,,,,
,,,,,,,,,
,,,,,,,,,
TỔNG VÉ TRÚNG: 293,,,,,,,,,
"TỔNG TIỀN CƯỢC TRÚNG: 17,873.6 ( 2D: 17,820.7. 3D4D: 52.9)",,,,,,,,,
"TỔNG TIỀN TRÚNG: 1,593,793 ( 2D: 1,562,003. 3D4D: 31,790)",,,,,,,,,
