﻿Mã Phiếu,Đài đánh,Đài trúng,Số,Cược,Giá trúng,Tiền trúng,Kiểu đánh,Loại Đánh,Thành viên
5875DF28835E41D8846F3035D0754311,MB,MB,031,1.3,600,780,Bao Lô,Đánh thường,atm040101
C289550F4A584D83A23EB9142718ED61,MB,MB,08,200,75,"15,000",Đầu,Đánh thường,hd01160401
1984FF7CE8E1489F8E15674B3CC61DAE,MB,MB,08,10,80,800,Đầu,Đánh thường,eb06020107
4C11B387DC774EF28A88EB266537D259,MB,MB,08,70,75,"5,250",Đầu,Đánh thường,am07130113
BF6F4B34FA934083B1CAE3FA428861DF,MB,MB,"08, 18",5,700,"3,500",Đá,Đánh thường,eb27060101
98592B3FC05C42A9A4A1A75C5715BC0E,MB,MB,"08, 18",5,700,"3,500",Đá,Đánh thường,lta1040502
F722B51E0A8C436F9B1F7939A2399D69,MB,MB,"08, 83",2,700,"1,400",Đá,Đánh thường,am07130113
0F68778BBB0146629C23FAE475BE3E4A,MB,MB,16,50,80,"4,000",Bao Lô,Đánh thường,y101070202
DD2413FD54344E95AFD36B11E3B119DB,MB,MB,16,100,70,"7,000",Bao Lô,Đánh thường,eb22020201
E75496FD16E948C18434EC010D919B33,MB,MB,16,12,70,840,Bao Lô,Đánh thường,eb40030101
8599E183FE9A47F78203A49757FDB808,MB,MB,16,30,70,"2,100",Bao Lô,Đánh thường,eb40030101
8D5320A1499248759DC75AC8A48A8017,MB,MB,18,50,80,"4,000",Bao Lô,Đánh thường,lta1041702
04D4D7CDC2604CDDA938983461AF9244,MB,MB,18,100,70,"7,000",Bao Lô,Đánh thường,eb22020201
CA2221FA711D4DC9AD68D935B836B44A,MB,MB,18,20,70,"1,400",Bao Lô,Đánh thường,am02040103
B2D796E5150D44B7A16DE90BC7127C96,MB,MB,18,12,70,840,Bao Lô,Đánh thường,eb40030101
DB7A4965FE61451BA1DC8649D8E26A59,MB,MB,"18, 21",10,700,"7,000",Đá,Đánh thường,hd01160401
382A1B0091C8499687EB8623F03BD606,MB,MB,"18, 24",5,700,"3,500",Đá,Đánh thường,am07130124
29E89E80F057405ABC687D5EC28D94D8,MB,MB,"18, 31",5,650,"3,250",Đá,Đánh thường,y101070503
A1DCFF4F73664D9B9DE791F363A8CF46,MB,MB,"18, 98",5,700,"3,500",Đá,Đánh thường,y101010506
C492AA3340A64ACA9652F180AC195861,MB,MB,"18, 98",4,700,"2,800",Đá,Đánh thường,am07130301
A66B789D228642EF88AA0E8511C88D0E,MB,MB,19,10,70,700,Đuôi (Đề),Đánh thường,y101030220
E18621F7ED014FCCB89C28671F178FA1,MB,MB,19,3,80,240,Bao Lô,Đánh thường,atn010104
6C88162433C54F738C72B3AC38BA3ECF,MB,MB,19,9,80,720,Đuôi (Đề),Đánh thường,eb02070206
2E9C11C23E594CB6B0499CD114A325D0,MB,MB,19,5,80,400,Đuôi (Đề),Đánh thường,eb02070206
3CCACC06EFF54394ACD1A160B2299498,MB,MB,19,2,75,150,Bao Lô,Đánh thường,h01020108
959B8F0DD9F04A3398450BFF992341D0,MB,MB,19,12,70,840,Bao Lô,Đánh thường,eb40030101
B6CDD7CD5EC1494DA8835D96696D8D0C,MB,MB,19,5,70,350,Đuôi (Đề),Đánh thường,y101070503
BAADD6D758CA4467B7B7F9980E16F4F4,MB,MB,19,10,70,700,Đuôi (Đề),Đánh thường,y101070503
A64E6ED8AF8B4D41887052FBCFBA0FFC,MB,MB,"19, 59",3,700,"2,100",Đá,Đánh thường,atn010104
0472550E13F14EC2AAABAB3432418C65,MB,MB,"21, 31",30,650,"19,500",Đá,Đánh thường,eb42010101
F8E418DD0F5E44539E3C38B43F9C1B5C,MB,MB,"21, 53",0.9,650,585,Đá,Đánh thường,am07040201
4E57CA341FB74363B5BC6BAE683614F5,MB,MB,"21, 76",30,650,"19,500",Đá,Đánh thường,hd03070102
33A0718DDDFB48589AE4AB8B6A2477E3,MB,MB,"21, 98",1,700,700,Đá,Đánh thường,hd01160401
4A629E2AEF3C4639B0F9267219D37405,MB,MB,219,100,650,"65,000",XC Đuôi,Đánh thường,hd01580100
335F999B0A9A461F855E0F0DDD1EA235,MB,MB,219,26,600,"15,600",XC Đuôi,Đánh thường,y2b5010101
A065AD1DB7FE431C816FAB8243B95374,MB,MB,225,5.6,600,"3,360",Bao Lô,Đánh thường,y101030701
272261E7DCAD43BFBE125CD1C76314FC,MB,MB,225,2.7,650,"1,755",Bao Lô,Đánh thường,am07130124
240142FD25844F17B4AE388D99660A61,MB,MB,24,10,75,750,Đầu,Đánh thường,lta39010401
334B945EB1F14A12BC268AD7DC98ADCC,MB,MB,24,5,70,350,Bao Lô,Đánh thường,y101031304
83E143F5DAD14BE7981ABDB17BAE6C2C,MB,MB,24,5,80,400,Đầu,Đánh thường,atn020102
549531DCCBEB44738D013F064C47DB9F,MB,MB,24,290,70,"20,300",Đầu,Đánh thường,eb47010302
94BEC0A519744056A2132274652A4C99,MB,MB,24,35,75,"2,625",Bao Lô,Đánh thường,eb47010201
81813A925DD44C84A8BBAB356BC33D44,MB,MB,"24, 29",11,700,"7,700",Đá,Đánh thường,hd01280201
9BDD277B5DD9417197C174B5D6E2A100,MB,MB,"24, 29",0.5,700,350,Đá,Đánh thường,am07130129
365B475B67694E46884FC23B50DA2C46,MB,MB,"24, 42",60,650,"39,000",Đá,Đánh thường,y101030404
5736ABEFC6184B97BA34061A2FD3E32B,MB,MB,"24, 42",2,650,"1,300",Đá,Đánh thường,eb58000001
FBB98A0086F243CBB113C1F9E50EFB21,MB,MB,"24, 45",2,650,"1,300",Đá,Đánh thường,y101070503
F29AFDADA3CE4BCEACAABCAACC504A28,MB,MB,"24, 54",3,700,"2,100",Đá,Đánh thường,am07040402
A07C5466445442939CF570244E618EA9,MB,MB,"24, 54",2.5,700,"1,750",Đá,Đánh thường,am07130124
4BC1C4531D8D42BDA0BAABDCF4A30698,MB,MB,"24, 79",11,700,"7,700",Đá,Đánh thường,hd01280201
723435BB5E3F4E24816C31F00A09FAD7,MB,MB,25,13,70,910,Bao Lô,Đánh thường,eb40030101
013A817EB927485B9A8148F3C1DFCFCC,MB,MB,25,10,70,700,Bao Lô,Đánh thường,y101030206
B52788AC603C453FB7527C440DBE7B2D,MB,MB,25,5,70,350,Bao Lô,Đánh thường,y101030219
0F772EEBCE594FD897007FAA574D67A6,MB,MB,25,5,80,400,Bao Lô,Đánh thường,eb02070206
81AFEE9C6DC446809017B20D8F196966,MB,MB,"25, 31",1,700,700,Đá,Đánh thường,hd01570000
55AA220AB2164D50A9AC8FE22C128E1C,MB,MB,29,10,70,700,Bao Lô,Đánh thường,y101031304
45AF82786C554DEF9C799883EFFC2C68,MB,MB,29,180,75,"13,500",Bao Lô,Đánh thường,hd08020603
B3EDC03C43104808BE5B3DD41D38EE3F,MB,MB,"29, 43",3,650,"1,950",Đá,Đánh thường,eb58000001
3E62899D60574423A46A35A12A571D5A,MB,MB,"29, 79",11,700,"7,700",Đá,Đánh thường,hd01280201
D9C8F864BB63483DA2B74C3CB95EE4B5,MB,MB,"29, 79",11,700,"7,700",Đá,Đánh thường,hd01280201
9CB90CE9C5F14F578D9365B8C6A61A12,MB,MB,"29, 79",5,700,"3,500",Đá,Đánh thường,eb02070206
6D0E5E2F5CE54591BC75BA93549D6636,MB,MB,"29, 79",5,650,"3,250",Đá,Đánh thường,hd01290903
3C2C56EBB9FC4096A5518AD72FCD8170,MB,MB,30,50,70,"7,000",Bao Lô,Đánh thường,y101030404
A5191E7986E34AE4BF9C5F2699CE4C7B,MB,MB,30,20,75,"3,000",Bao Lô,Đánh thường,am07150301
685DAC4211F24B92BDF3C9375DAF21E5,MB,MB,31,50,70,"3,500",Bao Lô,Đánh thường,y101030206
5B44534F81CB445789AD08E65F8C5311,MB,MB,31,50,70,"3,500",Bao Lô,Đánh thường,y101030205
32C57856B58C4E35B3454823EC21DDCE,MB,MB,"31, 33",5,700,"3,500",Đá,Đánh thường,lta1040502
D23EB13E351A491985FE1AEDD3A4AB64,MB,MB,"31, 83",5,700,"3,500",Đá,Đánh thường,hd04020402
71EBA19BDEA4437D916C458D94F4475D,MB,MB,"31, 98",2,700,"1,400",Đá,Đánh thường,am07130129
540DB025B0844C519A1DD979741E858F,MB,MB,33,100,70,"14,000",Bao Lô,Đánh thường,eb22020201
E770322BA3894EDF8C8C84E1E35C21A7,MB,MB,33,5,80,800,Bao Lô,Đánh thường,eb06020108
D43172A1F2504CA38D5CB4B62F1A1703,MB,MB,33,5,80,800,Bao Lô,Đánh thường,eb02090000
DBEC9D547DFB4156B51208EB5F93B769,MB,MB,33,55,75,"8,250",Bao Lô,Đánh thường,hd01280202
E7BDC760299C4EE7ADDAC65373C5E99C,MB,MB,42,10,75,750,Đầu,Đánh thường,lta39010401
01BEB28DFE6A4D5CB9FE5E0A7766F7BB,MB,MB,"42, 79",3,620,"1,860",Đá,Đánh thường,y101031303
E417DB7E5606466AA5968D21D6EE34D9,MB,MB,43,5,80,400,Bao Lô,Đánh thường,eb02090000
4B60F468ABEF4F7B872BC59C57674537,MB,MB,43,5,70,350,Bao Lô,Đánh thường,y101030206
98113D23437E4077ADF313B3076BA954,MB,MB,43,30,70,"2,100",Bao Lô,Đánh thường,eb40030101
A84485E877E04DEB9D24B5143DBC5920,MB,MB,43,1,75,75,Bao Lô,Đánh thường,h01020108
A90AFBB0EF394A33AF413124A028BDD3,MB,MB,43,15,70,"1,050",Bao Lô,Đánh thường,eb40030101
2DDB9836D484461B93B30AE62F05442F,MB,MB,"43, 83",2,700,"1,400",Đá,Đánh thường,eb40030101
A699621511294CBBAE78F727CDA3B06F,MB,MB,45,20,70,"1,400",Bao Lô,Đánh thường,eb40030101
5B73311A52774526978D6031ED69189B,MB,MB,45,13,70,910,Bao Lô,Đánh thường,eb40030101
0DE921AA4BD642F8B0833444BDCDC47E,MB,MB,"45, 54",1,700,700,Đá,Đánh thường,am07130124
7839002FFFA94967B60BEDA2D8408102,MB,MB,498,3,650,"1,950",Bao Lô,Đánh thường,atn010101
B98D50AC14BA4B4ABB7B2BB98B3109B2,MB,MB,53,20,70,"1,400",Bao Lô,Đánh thường,am02040103
3B237C569DFF47E3860B63C1B8DBED91,MB,MB,54,300,80,"24,000",Bao Lô,Đánh thường,y2b3050102
E55CF3D2DD534853B222DD520E9630DF,MB,MB,54,6,70,420,Bao Lô,Đánh thường,eb40030101
A68A72BB6A7C4D359980FB388793893A,MB,MB,59,180,75,"27,000",Bao Lô,Đánh thường,hd08020603
B68815A676E1422E9047D240E8C35627,MB,MB,59,3,80,480,Bao Lô,Đánh thường,atn010104
746741A60D7443AC93C99CCBE034CDAF,MB,MB,59,10,70,"1,400",Bao Lô,Đánh thường,y101030206
0E5DF69887DB47A2924E64FE374A0273,MB,MB,59,1,75,150,Bao Lô,Đánh thường,h01020108
D3D055D768F148EAA9E3929446A3CE5C,MB,MB,"59, 95",3,700,"2,100",Đá,Đánh thường,atm080101
60A5D0A88DF441498495F8CC5A0FDDCE,MB,MB,"59, 98",11,700,"7,700",Đá,Đánh thường,hd01280201
E4FBDA608F5249C2895FF86EF37685D6,MB,MB,"59, 98",40,650,"26,000",Đá,Đánh thường,y101030201
96E3999992764F2488E0E8CF60048CE1,MB,MB,679,3.9,600,"2,340",Bao Lô,Đánh thường,y2b5010101
72E34194E7004B8AB5EA0EEFFF54CC5E,MB,MB,683,2,600,"1,200",Bao Lô,Đánh thường,hd08050000
292B8E117A6646B9869D78AAAA062CE3,MB,MB,683,10,650,"6,500",XC Đầu,Đánh thường,hd01280202
37BE5C2F46754A77B658F6582C10F95F,MB,MB,759,3,650,"1,950",Bao Lô,Đánh thường,hd01160601
C4BC4C88B407406099FDC037FED72397,MB,MB,76,2,80,160,Bao Lô,Đánh thường,hd04020403
EFA859B87E504ED0891C82D19A023A4C,MB,MB,76,150,70,"10,500",Đầu,Đánh thường,y101070503
9DB82D9EF3D045CEAFFBC0B2428634A3,MB,MB,"76, 79",19,700,"13,300",Đá,Đánh thường,hd01280201
7C5490D4B7424C9D8E4A81A8D4C96E12,MB,MB,"76, 79",9.2,650,"5,980",Đá,Đánh thường,eb47010302
77F30997A124450BA3157F9379A28E38,MB,MB,79,100,70,"7,000",Bao Lô,Đánh thường,eb22020201
2603A33ABD2D4E2D949175EF6C537CB3,MB,MB,79,19.5,70,"1,365",Bao Lô,Đánh thường,y2b5010101
ECA1BAB3D8584ABD956720C7B461E38A,MB,MB,79,35,75,"2,625",Bao Lô,Đánh thường,eb47010201
86B724DF80B54BD79955A669FA1ECE68,MB,MB,79,1,80,80,Bao Lô,Đánh thường,y101070205
8CBD70DAA05F4D56B62DAA7CC26E4F4F,MB,MB,79,200,70,"14,000",Bao Lô,Đánh thường,y101031303
A7519419725D4F25970CA01B1F8A4536,MB,MB,79,33,75,"2,475",Bao Lô,Đánh thường,y101060101
D326CADD51B8493D9F4455E721F1ED00,MB,MB,79,73,70,"5,110",Bao Lô,Đánh thường,hd01290903
4FF8008F222D4D94BECBD9E6A95206C3,MB,MB,79,18,75,"1,350",Bao Lô,Đánh thường,hd01280202
76FB20B5131E4E2C863610C14A4FAA94,MB,MB,79,10,70,700,Bao Lô,Đánh thường,hd01290903
52A53CFEAE7F4A679BBF7DAD8B5D9FBC,MB,MB,79,40,70,"2,800",Bao Lô,Đánh thường,hd01290903
EDCDC7AF87B04CA3A5B9AD5A9BED19A8,MB,MB,83,30,70,"2,100",Bao Lô,Đánh thường,eb40030101
EDA46468731A485A990E6F3BFCC6D42F,MB,MB,85,20,70,"1,400",Bao Lô,Đánh thường,eb40030101
A61C61DADD474011A09F97DF3FB2C461,MB,MB,85,13,70,910,Bao Lô,Đánh thường,eb40030101
01BF6A070D264FB4A9260207E7FCECB7,MB,MB,85,2,75,150,Bao Lô,Đánh thường,h01020108
3A05298F3D144BDB81B03CE20745AFA5,MB,MB,929,5,650,"3,250",Bao Lô,Đánh thường,y101010801
13A5DED4E07C4B94B8F8CD8F5A71081F,MB,MB,95,5,80,400,Bao Lô,Đánh thường,atn020102
F4542D06CA0E4550AD97AF87723F169A,MB,MB,95,50,75,"3,750",Bao Lô,Đánh thường,hd04011101
BD86E275103F47A0BD67D6073FD59C04,MB,MB,95,13,70,910,Bao Lô,Đánh thường,eb40030101
749F0854AB6A48E2A735B75FC45C31D1,MB,MB,98,100,70,"7,000",Bao Lô,Đánh thường,eb22020201
237CC0161B874795AD6AD63C0BEE4F51,MB,MB,98,180,75,"13,500",Bao Lô,Đánh thường,hd08020603
B40F7FC5B3B245CE8F9D1ACD394DAC16,MB,MB,98,7,75,525,Bao Lô,Đánh thường,h01020108
8F4CE74A99EC46C68E53ADBAF9C88739,MB,MB,98,2,75,150,Bao Lô,Đánh thường,h01020108
,,,,,,,,,
,,,,,,,,,
,,,,,,,,,
TỔNG VÉ TRÚNG: 125,,,,,,,,,
"TỔNG TIỀN CƯỢC TRÚNG: 3,832.1 ( 2D: 3,669.6. 3D4D: 162.5)",,,,,,,,,
"TỔNG TIỀN TRÚNG: 602,970 ( 2D: 499,285. 3D4D: 103,685)",,,,,,,,,
