﻿Mã Phiếu,Đài đánh,Đài trúng,Số,Cược,Giá trúng,Tiền trúng,Kiểu đánh,Loại Đánh,Thành viên
8ACF76106C9A4A94922EEDAAEE70081C,MB,MB,030,64.5,650,"41,925",3 Càng,Đánh thường,eb05030102
3D5441D4780046598EEFB4A0DD8F13F1,MB,MB,08,"1,494",80,"119,520",Bao Lô,Đánh thường,eb05030102
39CEB421A1714AFB938E1780CBB24223,MB,MB,08,2,80,160,Bao Lô,Đánh thường,eb06020107
922D55550E1649D7BD41F5248284CD85,MB,MB,"08, 18",420,10,"4,200",Xiên 2,Đánh thường,hd09100701
45B9DC3839CF40F391E4F44D74E2C763,MB,MB,"16, 21",60,10,600,Xiên 2,Đánh thường,eb47010302
E838FDF28F7F40A184BB580BF8FE93F4,MB,MB,"16, 29",720,10,"7,200",Xiên 2,Đánh thường,hd09100703
53BE35B85FC54E5BA85EFB386259FE54,MB,MB,18,"1,494",80,"119,520",Bao Lô,Đánh thường,eb05030102
0977D4DEB11C4D15BAAA2D1C357A2416,MB,MB,"18, 19",216,10,"2,160",Xiên 2,Đánh thường,hd09100702
66AB641921494AA2A0F35A2672EA1720,MB,MB,"18, 24",140,10,"1,400",Xiên 2,Đánh thường,hd09100701
C26BA15F81804BE2B71DA1C59CE6AE1A,MB,MB,"18, 31",180,10,"1,800",Xiên 2,Đánh thường,eb47010302
A44AEED8D32F4CE7923D866DE7DB784C,MB,MB,"18, 43",360,10,"3,600",Xiên 2,Đánh thường,eb27010107
56A4BD9D8E05417FAEE26A9A0AC3E230,MB,MB,"18, 91",216,10,"2,160",Xiên 2,Đánh thường,hd09100702
3318F480ED9047B0839AD6A86ADC80A2,MB,MB,"18, 98",78,10,780,Xiên 2,Đánh thường,ate1020103
C000615139ED4FCB9A980C6D89C9777D,MB,MB,"19, 59","3,350",10,"33,500",Xiên 2,Đánh thường,hd08020109
02930DB9449745EDA38A3B2BAA9D13F5,MB,MB,"19, 59","3,350",10,"33,500",Xiên 2,Đánh thường,hd08020109
1E91AC844F684ECC91525F292D2C07E9,MB,MB,"19, 59",60,10,600,Xiên 2,Đánh thường,eb47010302
507C985D0A22462CAEFDBB85B7C71F3D,MB,MB,"19, 91",60,10,600,Xiên 2,Đánh thường,eb47010302
8FC03E27155A4A3B99E23EABFB924162,MB,MB,"19, 91",216,10,"2,160",Xiên 2,Đánh thường,hd09100702
2E2AFCCDD9E047499C350A2C7E1A3D47,MB,MB,"19, 95",60,10,600,Xiên 2,Đánh thường,eb47010302
89F1C8FAF6184D638F77AF0EEC9E16BA,MB,MB,"21, 25",60,10,600,Xiên 2,Đánh thường,eb47010302
17698121D8D5485E8631407D43853443,MB,MB,"21, 29",60,10,600,Xiên 2,Đánh thường,eb47010302
0ADE986C3D6545D0883418713AB42138,MB,MB,"21, 29",144,10,"1,440",Xiên 2,Đánh thường,hd08020106
AC77C88D96894552A3911E38B52C9915,MB,MB,"21, 43",144,10,"1,440",Xiên 2,Đánh thường,hd09100702
D9F4D02BCC724FB2BFFA8DFAE4737705,MB,MB,24,"1,494",80,"119,520",Bao Lô,Đánh thường,eb05030102
5EDC8832F8064ED090B4B3F6F662A161,MB,MB,"25, 29",60,10,600,Xiên 2,Đánh thường,eb47010302
BA3B34E677884DC08BFB0B4872EF8570,MB,MB,"29, 29",350,10,"3,500",Xiên 2,Đánh thường,hd09100704
8E17AEC7C22E49109B5C73A89D56DF60,MB,MB,"30, 43",60,10,600,Xiên 2,Đánh thường,eb47010302
3A90F6246A7445918A2900FA18D5365F,MB,MB,"30, 59",150,10,"3,000",Xiên 2,Đánh thường,eb47010302
EAC5DBA277EC458F85BB58A49A05CC21,MB,MB,"30, 83",60,10,600,Xiên 2,Đánh thường,eb47010302
381C6C2428FC4112BE3F4AC352F1E0FC,MB,MB,"30, 85",150,10,"1,500",Xiên 2,Đánh thường,eb47010302
3EF52EB54BB84CF48FE2F48C56E54611,MB,MB,31,"1,494",80,"119,520",Bao Lô,Đánh thường,eb05030102
23167861115B447BB53D88149B5FA5DC,MB,MB,31,3.3,80,264,Bao Lô,Đánh thường,eb06020107
8D821699516646C3A1EEE6A732245EF2,MB,MB,"31, 31",360,10,"3,600",Xiên 2,Đánh thường,hd09100702
5C754CD11A6D41E1B6C337E4BF1F8453,MB,MB,"31, 33",630,10,"6,300",Xiên 2,Đánh thường,eb47010302
89459FCA58F340E1A97F0D03B1B933AB,MB,MB,"31, 43",630,10,"6,300",Xiên 2,Đánh thường,eb47010302
DBC265F24F944ACCA3616DD63EBFC5B5,MB,MB,"31, 79",72,10,720,Xiên 2,Đánh thường,hd09100702
9E697A7FB088475B9EEEABE4D4D3ED1F,MB,MB,"33, 33",350,10,"7,000",Xiên 2,Đánh thường,hd09100704
CC4B6B80D0F640FCA35C61F6B219ACEB,MB,MB,"33, 43",72,10,720,Xiên 2,Đánh thường,hd09100702
FF19A49267314E19BCFDA4E81A6D58B8,MB,MB,"33, 43",300,10,"3,000",Xiên 2,Đánh thường,eb47020008
9FDC03877E5D45E6907FDBEF83F15669,MB,MB,"33, 43",630,10,"6,300",Xiên 2,Đánh thường,eb47010302
FCB9BB08116F4EF69DDAE492459FD396,MB,MB,"33, 59",72,10,"1,440",Xiên 2,Đánh thường,hd09100702
8C8499949FE14651AEF7FFFCC37B5448,MB,MB,"33, 59",300,10,"6,000",Xiên 2,Đánh thường,eb47020008
9B520775ED844A2BB8BAA004D964648E,MB,MB,"33, 79",360,10,"3,600",Xiên 2,Đánh thường,hd09100702
F4E4D9683C3D4168B115D2D8101202E7,MB,MB,"33, 79",350,10,"3,500",Xiên 2,Đánh thường,hd09100704
3A804611FD564C39A6C2A429A7CD3917,MB,MB,"33, 79",360,10,"3,600",Xiên 2,Đánh thường,hd09100702
6E10EA047D8646EAB35AF45F2CDBBD17,MB,MB,"33, 79",72,10,720,Xiên 2,Đánh thường,hd09100702
32F7F2BAB7274B128F75476BF0D97EFD,MB,MB,"33, 83",360,10,"3,600",Xiên 2,Đánh thường,hd09100702
7600A3932BDD4702AA2F6E85596FD88D,MB,MB,"33, 98",500,10,"5,000",Xiên 2,Đánh thường,eb47020008
E1AB426F52A448E5AA22AE2C06AE55FD,MB,MB,416,64.5,650,"41,925",3 Càng,Đánh thường,eb05030102
B91DF19C98D4492A93424A419D2D2852,MB,MB,"42, 76, 79",800,40,"32,000",Xiên 3,Đánh thường,eb11010201
AB40FCBB74F74F9F9FA338AC0FF63938,MB,MB,"42, 85",144,10,"1,440",Xiên 2,Đánh thường,hd08020106
07CD2A502F8D4B08A8DFA479D74066E1,MB,MB,43,"1,494",80,"119,520",Bao Lô,Đánh thường,eb05030102
8E57858717674FC0A56C24901DA12BAD,MB,MB,"43, 53",72,10,720,Xiên 2,Đánh thường,hd09100702
CE73595B093446608AA5F3E30608AFCF,MB,MB,"43, 59",72,10,720,Xiên 2,Đánh thường,hd09100702
2787FAAD7A174FDF8948148543BA8614,MB,MB,"43, 59",300,10,"3,000",Xiên 2,Đánh thường,eb47020008
9037F32F4B57486492C242B7A050C35F,MB,MB,"43, 79",72,10,720,Xiên 2,Đánh thường,hd09100702
F4218A90CB514EA28B7DF88709A58ECD,MB,MB,"43, 79",210,10,"2,100",Xiên 2,Đánh thường,hd09100704
36027908CC084238B62FB7F3A89099DE,MB,MB,"43, 83",140,10,"1,400",Xiên 2,Đánh thường,hd09100704
F834E23F8BC34EBE96C97C6162CD4556,MB,MB,"43, 83",60,10,600,Xiên 2,Đánh thường,eb47010302
929825DF9CFA47E2875D729BD4B90DF0,MB,MB,"43, 83",216,10,"2,160",Xiên 2,Đánh thường,hd09100702
C0D3FD2AF52F46149150AB473A6F0956,MB,MB,45,"1,494",80,"119,520",Bao Lô,Đánh thường,eb05030102
2D1AF678FA7A4E709EA23336F00321A9,MB,MB,"45, 53",216,10,"2,160",Xiên 2,Đánh thường,hd09100702
06D78477BBD549B0BA0B58B88AB14997,MB,MB,"45, 54",216,10,"2,160",Xiên 2,Đánh thường,hd09100702
9C25B0233017462D8711F90322E18C19,MB,MB,"53, 54",216,10,"2,160",Xiên 2,Đánh thường,hd09100702
F0306944B30C43B7B6FC92B7C27BB31D,MB,MB,54,"1,494",80,"119,520",Bao Lô,Đánh thường,eb05030102
207D9E1F3A5642F2BDD6A1402205E642,MB,MB,"59, 79",140,10,"1,400",Xiên 2,Đánh thường,hd09100701
3AD51F8A82AA42B085975C766DDC061F,MB,MB,"59, 79",72,10,720,Xiên 2,Đánh thường,hd09100702
C1EFB9F780D34E22BAD9E8D6C6C58B03,MB,MB,"59, 85",150,10,"1,500",Xiên 2,Đánh thường,eb47010302
A39A4F3DC15245DEB7C9512CF96B1406,MB,MB,"59, 91",60,10,600,Xiên 2,Đánh thường,eb47010302
EB4635A3F7BB48CE9219E4B92A271EC4,MB,MB,"59, 95",60,10,600,Xiên 2,Đánh thường,eb47010302
A9B94F9F70C94CB1BFE335D76762BFED,MB,MB,"59, 95",600,10,"6,000",Xiên 2,Đánh thường,eb47010302
9DDDB8DF4BC7474C91F4E68757EE01E5,MB,MB,"76, 98",70,10,700,Xiên 2,Đánh thường,hd09100704
7BA5F4AF26CE444F8DE4DB2FB08A9928,MB,MB,"79, 79",350,10,"3,500",Xiên 2,Đánh thường,hd09100704
1E745F994EC44649B8C7FD7152F8F153,MB,MB,"79, 83",360,10,"3,600",Xiên 2,Đánh thường,hd09100702
AE065426CAAD4F3CA7962A42AC3EBA96,MB,MB,"79, 98","3,000",10,"30,000",Xiên 2,Đánh thường,eb47010302
F4D3D38298734CCCB607EBC43CD51675,MB,MB,"79, 98","1,000",10,"10,000",Xiên 2,Đánh thường,eb47010302
41AC04AA530B43A1A5B33466FB745A7C,MB,MB,"79, 98","1,000",10,"10,000",Xiên 2,Đánh thường,eb47010302
EFD200727AE34E27BC1732F6C093F51C,MB,MB,"79, 98",120,10,"1,200",Xiên 2,Đánh thường,eb47010302
1A0960646E3045DF9084A8634C5FF305,MB,MB,83,"1,494",80,"119,520",Bao Lô,Đánh thường,eb05030102
181ACE16661648AB83D1DBE6C1129567,MB,MB,830,64.5,650,"41,925",3 Càng,Đánh thường,eb05030102
2365D7DF4F88467595E2547DF28B2105,MB,MB,85,"1,494",80,"119,520",Bao Lô,Đánh thường,eb05030102
3C83E40DE8E542949CBC7FCE73D9BC2C,MB,MB,"85, 98",39,10,390,Xiên 2,Đánh thường,ate1020103
312CF2033E9A43369A6D532F4E2DCDC2,MB,MB,91,"1,494",80,"119,520",Bao Lô,Đánh thường,eb05030102
39E0442BE9ED49A78AD0573AD946B50F,MB,MB,"91, 95",60,10,600,Xiên 2,Đánh thường,eb47010302
C0D0EEA83FDF40ECB8C53449DFFDE4C2,MB,MB,929,64.5,650,"41,925",3 Càng,Đánh thường,eb05030102
7F695EF767F54A8A9CA330B70D25CFB0,MB,MB,95,"1,494",80,"119,520",Bao Lô,Đánh thường,eb05030102
634B5717D0444BB7BA8CC455BBF8B1EA,MB,MB,98,"1,494",80,"119,520",Bao Lô,Đánh thường,eb05030102
3CCDE304326A4B11A8A2DC1A970018B7,MB,MB,"98, 98",350,10,"3,500",Xiên 2,Đánh thường,hd09100704
,,,,,,,,,
,,,,,,,,,
,,,,,,,,,
TỔNG VÉ TRÚNG: 88,,,,,,,,,
"TỔNG TIỀN CƯỢC TRÚNG: 44,498.3 ( 2D: 44,240.3. 3D4D: 258)",,,,,,,,,
"TỔNG TIỀN TRÚNG: 1,898,154 ( 2D: 1,730,454. 3D4D: 167,700)",,,,,,,,,
