﻿Mã Phiếu,Đài đánh,Đài trúng,Số,Cược,Giá trúng,Tiền trúng,Kiểu đánh,Loại Đánh,Thành viên
0FD919622CA64B74841B9398FBF3D41B,"Đồng Nai, Cần Thơ, Sóc Trăng",Cần Thơ,02,5,70,350,Bao Lô,Đánh thường,eb40030101
EE7CBE983C0A4014B27709E854F9D3AF,"Đồng Nai, Cần Thơ, Sóc Trăng",Cần Thơ,02,200,70,"14,000",Bao Lô,Đánh thường,eb47010401
86B4BC85FEED4ACD9406D66838622851,Cần Thơ,Cần Thơ,02,5,70,350,Bao Lô,Đánh thường,y101030219
C26109FF7A8A4B68A87EB87C34D98477,"Cần Thơ, Sóc Trăng",Cần Thơ,02,117,70,"8,190",Bao Lô,Đánh thường,ate1020209
8D7BB76B177F40F799AA41B390E90E4E,"Cần Thơ, Đồng Nai","Cần Thơ, Đồng Nai","02, 49",3,560,"1,680",Đá Xiên,Đánh thường,hd01580105
C14B7E7730E547DFADFA8300A54ED732,"Đồng Nai, Cần Thơ, Sóc Trăng",Sóc Trăng,04,5,70,350,Bao Lô,Đánh thường,eb40030101
5A9D4ED075264B13BBBEB4894D9E85D5,"Đồng Nai, Cần Thơ, Sóc Trăng",Sóc Trăng,04,4,70,280,Bao Lô,Đánh thường,am02040601
4654E1BA395F4BC99A4E6F856435C818,"Cần Thơ, Sóc Trăng","Cần Thơ, Sóc Trăng","04, 40",1,500,500,Đá Xiên,Đánh thường,am02040601
1B8B1CFDFFD8480396E7FE5C0033DB61,"Cần Thơ, Sóc Trăng","Cần Thơ, Sóc Trăng","04, 80",1,500,500,Đá Xiên,Đánh thường,am02040601
F87ACC66BF1A418DA351E461A66A4EC5,Sóc Trăng,Sóc Trăng,05,"2,000",80,"160,000",Bao Lô,Đánh thường,atm010203
22200F320E284A209010D12C93BD3664,"Đồng Nai, Cần Thơ",Đồng Nai,06,700,75,"52,500",Bao Lô,Đánh thường,y2b3040102
C6523D8A4491487B965E90836C8BB1D2,"Cần Thơ, Đồng Nai, Sóc Trăng",Đồng Nai,06,5,80,400,Bao Lô,Đánh thường,eb06020110
0D2696CD89224C9593848AA560137ABA,Đồng Nai,Đồng Nai,06,150,80,"12,000",Bao Lô,Đánh thường,hd08020107
07484B633B624F9F8DB93F5D24FBD7B0,"Đồng Nai, Cần Thơ","Đồng Nai, Cần Thơ","06, 60",40,560,"22,400",Đá Xiên,Đánh thường,hd01160901
4979F88E1EF647289FB192ADAF48D9EF,"Đồng Nai, Cần Thơ","Đồng Nai, Cần Thơ","06, 60",1,510,510,Đá Xiên,Đánh thường,eb47010302
FA4FBBA89B0A4D62B5D0D0B132BB4463,"Đồng Nai, Cần Thơ","Đồng Nai, Cần Thơ","06, 60",3,560,"1,680",Đá Xiên,Đánh thường,atm080101
956741AD44B74D529F7724A455604EE7,"Đồng Nai, Cần Thơ","Đồng Nai, Cần Thơ","06, 68",50,560,"28,000",Đá Xiên,Đánh thường,hd01160401
1BA76B76F9E04742891EC14103AE75FD,"Đồng Nai, Cần Thơ, Sóc Trăng","Đồng Nai, Sóc Trăng",07,5,70,700,Bao Lô,Đánh thường,eb40030101
8CE0DC14A6B0428CB87CC9817B366597,"Đồng Nai, Cần Thơ, Sóc Trăng","Đồng Nai, Sóc Trăng",07,5,70,700,Bao Lô,Đánh thường,eb40030101
95D73FAAC61A4840AEF79CD70E5F43FB,Đồng Nai,Đồng Nai,07,20,75,"1,500",Bao Lô,Đánh thường,eb47010201
23F876E5F3A649739C4CDE2E2F9EEE39,"Đồng Nai, Cần Thơ, Sóc Trăng","Đồng Nai, Sóc Trăng",07,3,80,480,Bao Lô,Đánh thường,eb06020108
0D107F16EC2141C691B52DDAABF256E3,Đồng Nai,Đồng Nai,07,50,75,"3,750",Bao Lô,Đánh thường,am07150301
F3DE667858C146F1BB8BFC6933113F4D,Đồng Nai,Đồng Nai,07,250,75,"18,750",Bao Lô,Đánh thường,hd01160401
2EBE2E955630423EB06A6A2317821F7E,Đồng Nai,Đồng Nai,07,150,80,"12,000",Bao Lô,Đánh thường,hd08020107
FA68A79218BB40FB85F027BFD1CB2F7C,Đồng Nai,Đồng Nai,07,20,75,"1,500",Bao Lô,Đánh thường,hd01160401
5B8FACD5E1124515A07E4F368969E090,"Đồng Nai, Cần Thơ","Đồng Nai, Cần Thơ","07, 10",2,510,"1,020",Đá Xiên,Đánh thường,eb58000001
518759E4D6AC4440930AA3E36EFC823C,"Đồng Nai, Sóc Trăng","Đồng Nai, Sóc Trăng","07, 10",2,510,"1,020",Đá Xiên,Đánh thường,eb58000001
0C82FE6296EC455CBC7C9477A578C2EF,"Cần Thơ, Sóc Trăng","Cần Thơ, Sóc Trăng","07, 10",2,510,"1,020",Đá Xiên,Đánh thường,eb58000001
899B1A48499A4844AF849E4D272361E1,"Sóc Trăng, Đồng Nai","Sóc Trăng, Đồng Nai","07, 79",2,560,"1,120",Đá Xiên,Đánh thường,am07130124
194CB9F63005468FB0DA28120272B6F4,"Đồng Nai, Cần Thơ, Sóc Trăng",Đồng Nai,08,6.5,70,455,Bao Lô,Đánh thường,eb40030101
0AC21AFD6D7C4D8CB457B398DD8F5A47,Đồng Nai,Đồng Nai,08,"1,000",70,"70,000",Bao Lô,Đánh thường,hd03070103
24E78328565F4DFEAB34B2F5B4DD3B7A,Đồng Nai,Đồng Nai,08,"1,000",70,"70,000",Bao Lô,Đánh thường,hd03070103
C76482EC43D044DA8B7BE5DCC669F345,"Đồng Nai, Cần Thơ, Sóc Trăng",Đồng Nai,08,4,70,280,Bao Lô,Đánh thường,am02040601
F520407AA1AD4B7DB997E3105073F2AA,"Đồng Nai, Cần Thơ",Đồng Nai,08,"1,000",75,"75,000",Bao Lô,Đánh thường,eb04100000
7CFC9DFA55CA4D7BA75392DA1DC8CB1E,"Đồng Nai, Cần Thơ, Sóc Trăng",Đồng Nai,08,3,80,240,Bao Lô,Đánh thường,eb06020108
CA67F4EA40964FD299C08F8C1BA41E1A,"Đồng Nai, Cần Thơ, Sóc Trăng",Đồng Nai,08,3,70,210,Bao Lô,Đánh thường,am02040601
B9A3E263FC47406C95913661DF3DA3BB,Đồng Nai,Đồng Nai,08,150,80,"12,000",Bao Lô,Đánh thường,hd08020107
7646D69A95164111A626BAB4842CC43E,"Đồng Nai, Cần Thơ, Sóc Trăng",Đồng Nai,08,1,80,80,Bao Lô,Đánh thường,eb02070206
5E4BE81432AB4BCDA6BCC32A479C86A6,"Đồng Nai, Cần Thơ",Đồng Nai,08,10,75,750,Bao Lô,Đánh thường,atm080101
5FB48EE1A5364B30A33F4A4071C72ADF,"Đồng Nai, Cần Thơ, Sóc Trăng",Đồng Nai,08,13,70,910,Bao Lô,Đánh thường,eb40030101
DE5F68D8152241A4BEB7E9FE0B97EB64,"Đồng Nai, Cần Thơ","Đồng Nai, Cần Thơ","08, 68",2,560,"1,120",Đá Xiên,Đánh thường,atm080101
701AEC83504E4FD0B7B500DF09912D0E,"Đồng Nai, Cần Thơ","Đồng Nai, Cần Thơ","08, 80",1,500,500,Đá Xiên,Đánh thường,am02040601
EEBFA5AB7BB84BE1953270F792CF1CA8,"Đồng Nai, Cần Thơ","Đồng Nai, Cần Thơ","08, 80",100,560,"56,000",Đá Xiên,Đánh thường,eb04100000
458BE7D4FB774E7AB0689BA7A12DCAEF,"Sóc Trăng, Cần Thơ",Cần Thơ,10,2.5,60,150,Bao Lô,Đánh thường,hd08040102
8449A8303CEF46DE9B00ED7B21C380A2,Cần Thơ,Cần Thơ,10,30,80,"2,400",Bao Lô,Đánh thường,eb02070202
379DA2DE870F426AAAB4816906E95CD0,"Đồng Nai, Cần Thơ, Sóc Trăng","Đồng Nai, Cần Thơ",10,5,70,700,Bao Lô,Đánh thường,am02040601
2A84DF26BEF14EE086EE333F2C586C4B,Cần Thơ,Cần Thơ,10,20,80,"1,600",Bao Lô,Đánh thường,eb02070208
76B0DF9D6B7E4015AB1D090AAAD9E614,Cần Thơ,Cần Thơ,10,50,70,"3,500",Bao Lô,Đánh thường,h01020129
24A7264565E044CC8CE3E34D80F7D9BE,"Đồng Nai, Cần Thơ","Đồng Nai, Cần Thơ",10,20,75,"3,000",Bao Lô,Đánh thường,hd10040405
3CF9FAE5D0F64A7EB8B93453E7683F74,"Sóc Trăng, Cần Thơ",Cần Thơ,10,5,80,400,Bao Lô,Đánh thường,eb04040402
57FEEF8ADAC1426BAFEA5AB7E5938AAF,"Đồng Nai, Cần Thơ","Đồng Nai, Cần Thơ","10, 11",1,500,500,Đá Xiên,Đánh thường,am02040601
DBEE4FA3EADA41AD9897D715B4733490,"Cần Thơ, Sóc Trăng","Cần Thơ, Sóc Trăng","10, 11",1,500,500,Đá Xiên,Đánh thường,am02040601
5284CFC53476469D8F4A2E2C0E999C9C,Cần Thơ,Cần Thơ,"10, 11",0.5,700,350,Đá,Đánh thường,y101030203
FFCA95B31E6A484684F4C88E05A526A9,"Sóc Trăng, Cần Thơ","Sóc Trăng, Cần Thơ","10, 40",10,560,"5,600",Đá Xiên,Đánh thường,lta1040208
55F4AFA294E941A89536405172DED590,"Đồng Nai, Cần Thơ","Đồng Nai, Cần Thơ","10, 52",5,560,"2,800",Đá Xiên,Đánh thường,eb04040405
0A04535FB59644EBAFC7B42C082CFF12,"Đồng Nai, Sóc Trăng","Đồng Nai, Sóc Trăng","10, 52",5,560,"2,800",Đá Xiên,Đánh thường,eb04040405
3B82C7EE46DE40FDB2B2BBBC14DF4C98,Đồng Nai,Đồng Nai,"10, 52",5,750,"3,750",Đá,Đánh thường,eb04040405
C9FBE70EA2A94ADF9AA500E035E5137F,Cần Thơ,Cần Thơ,"10, 81",1,700,700,Đá,Đánh thường,eb02020105
6D7E6AEE515A44F19BEA5C36C48B7160,"Cần Thơ, Sóc Trăng","Cần Thơ, Sóc Trăng","10, 93",10,560,"5,600",Đá Xiên,Đánh thường,hd01260101
1C0B5A4CBFDE4A868E017D255583C15D,"Đồng Nai, Cần Thơ","Đồng Nai, Cần Thơ","10, 93",7,560,"3,920",Đá Xiên,Đánh thường,hd10040405
CC392E61192B46108E3598FE2FB419CD,"Đồng Nai, Cần Thơ","Đồng Nai, Cần Thơ","10, 94",7,560,"3,920",Đá Xiên,Đánh thường,hd10040405
BD86C331E770410691BE116956F418D7,Cần Thơ,Cần Thơ,11,5,80,400,Bao Lô,Đánh thường,atn010104
6A9797C3E65146E3BD1572DC959CEB5C,"Đồng Nai, Cần Thơ, Sóc Trăng",Cần Thơ,11,10,70,700,Bao Lô,Đánh thường,y101031304
2E11756F14584CFFB2B1628FF741FF93,Cần Thơ,Cần Thơ,11,20,70,"1,400",Bao Lô,Đánh thường,y101030601
71C7CB8A4C9747BE8E1BA731169C9FEC,Cần Thơ,Cần Thơ,11,10,80,800,Bao Lô,Đánh thường,y101030701
ECB9412E6CC04B73A869CF6E978C93AE,"Đồng Nai, Cần Thơ","Đồng Nai, Cần Thơ","11, 52",4,560,"2,240",Đá Xiên,Đánh thường,eb47010201
23F4E7DD496744D881B1F05C389ED211,Đồng Nai,Đồng Nai,121,2,520,"1,040",Bao Lô,Đánh thường,hd08040104
0B37B595EFAC4D0C821C013D81A4E2D4,"Đồng Nai, Cần Thơ",Đồng Nai,121,20,650,"13,000",XC Đuôi,Đánh thường,hd01160401
AED600C0ECCB4C22A9BDC0ED386B8179,"Đồng Nai, Cần Thơ, Sóc Trăng","Đồng Nai, Sóc Trăng",16,"1,000",80,"160,000",Bao Lô,Đánh thường,atm010203
68262B8747394E98A4BD679CD9434797,Đồng Nai,Đồng Nai,16,5,80,400,Bao Lô,Đánh thường,atn020102
E3F05E59F9AD41D49D4331C3E2FFB1F2,"Đồng Nai, Cần Thơ, Sóc Trăng","Đồng Nai, Sóc Trăng",16,50,80,"8,000",Bao Lô,Đánh thường,y101070202
7D956145BA4F4C8FAFEA42B712DA5EA7,"Đồng Nai, Cần Thơ, Sóc Trăng",Đồng Nai,16,214,75,"16,050",Bảy Lô Giữa,Đánh thường,hd04030101
E0378C3B43C84B3387A066F5DC65B168,"Đồng Nai, Cần Thơ, Sóc Trăng",Đồng Nai,16,143,75,"10,725",Bảy Lô Đuôi,Đánh thường,hd04030101
5123C8577EC34EBFBC095230B58AB4B4,"Đồng Nai, Cần Thơ, Sóc Trăng",Sóc Trăng,16,143,75,"10,725",Bảy Lô Đầu,Đánh thường,hd04030101
92A35909970749AB8F4234EF5A19999A,Đồng Nai,Đồng Nai,16,150,80,"12,000",Bao Lô,Đánh thường,hd08020107
E041483046F54A5CA1CB6AA0D05DFF4D,Đồng Nai,Đồng Nai,16,5,75,375,Bao Lô,Đánh thường,lta39010305
90B9B891BCAF4D1A8623E9CC13B2E44A,"Đồng Nai, Cần Thơ","Đồng Nai, Cần Thơ","16, 31",10,560,"5,600",Đá Xiên,Đánh thường,bhd1234010101
D284B8E0F32744E1A92DAA1DBF3DF647,"Đồng Nai, Cần Thơ","Đồng Nai, Cần Thơ","16, 54",2,560,"1,120",Đá Xiên,Đánh thường,atm080101
3ABE7000CEB1417FA166803DFBE810C4,"Sóc Trăng, Đồng Nai",Sóc Trăng,17,"3,000",75,"225,000",Đầu,Đánh thường,atz010101
1E4ADAE6054F4FECA97D56F2571B869B,Sóc Trăng,Sóc Trăng,17,"1,000",75,"75,000",Đầu,Đánh thường,hd01440101
DE867F95CDBA4DCEAC1C1E785BBA97C2,Sóc Trăng,Sóc Trăng,17,"1,000",75,"75,000",Đầu,Đánh thường,hd01320201
F36607B79620482CBCDD06855ABA339B,"Đồng Nai, Cần Thơ, Sóc Trăng",Sóc Trăng,17,5,70,350,Bao Lô,Đánh thường,eb40030101
9D5D412724AE4B16A96B2BFECB77A51C,"Đồng Nai, Cần Thơ, Sóc Trăng",Sóc Trăng,17,5,70,350,Bao Lô,Đánh thường,eb40030101
884ADD24AE08472F8F0C4225ADC2CD4C,"Đồng Nai, Cần Thơ, Sóc Trăng",Sóc Trăng,17,"1,000",80,"80,000",Bao Lô,Đánh thường,atm010203
73BA72DE8C8A4C8498756D11659695BF,Sóc Trăng,Sóc Trăng,17,30,80,"2,400",Đầu,Đánh thường,y101060301
0EF86ADD3C07413FA4E6031CA231EF8A,Sóc Trăng,Sóc Trăng,17,50,80,"4,000",Bao Lô,Đánh thường,eb02090002
D89253AC008447F4B530597AF430E195,"Đồng Nai, Cần Thơ, Sóc Trăng",Sóc Trăng,17,1,75,75,Bao Lô,Đánh thường,h01020108
42FDFCDFEB534E49B628B7E7B682EC77,"Đồng Nai, Cần Thơ, Sóc Trăng",Sóc Trăng,17,15,75,"1,125",Đầu,Đánh thường,h01020108
8582779B6C434D54B9B3554644150CA2,"Sóc Trăng, Đồng Nai","Sóc Trăng, Đồng Nai","17, 21",8,560,"4,480",Đá Xiên,Đánh thường,am07130118
66ADC2A68FC94119B3BE1098F93C2A48,"Cần Thơ, Sóc Trăng","Cần Thơ, Sóc Trăng","17, 31",1,500,500,Đá Xiên,Đánh thường,am02040601
A03F495D725641B9A98A19B71B30639B,"Đồng Nai, Cần Thơ, Sóc Trăng",Sóc Trăng,19,5,70,350,Bao Lô,Đánh thường,eb40030101
A23578DB66494654A32AC4F8CF939245,"Đồng Nai, Cần Thơ, Sóc Trăng",Sóc Trăng,19,"1,000",80,"80,000",Bao Lô,Đánh thường,atm010203
8CDF37A1BC8C42F4AB342E246DC8C8F7,Sóc Trăng,Sóc Trăng,19,200,75,"15,000",Bao Lô,Đánh thường,hd01260201
B01BB29449964062B3F94A22C122AB7B,"Đồng Nai, Cần Thơ, Sóc Trăng",Sóc Trăng,19,143,75,"10,725",Bảy Lô Đuôi,Đánh thường,hd04030101
0BACE4509F034F979B31B3194B15D698,"Đồng Nai, Cần Thơ, Sóc Trăng",Sóc Trăng,19,50,75,"3,750",Bao Lô,Đánh thường,hd01280201
07600F6D882F440C82A7C2990201BBA8,"Đồng Nai, Cần Thơ, Sóc Trăng",Sóc Trăng,19,4,70,280,Bao Lô,Đánh thường,am02040601
6C017278459349E4AE34FF3B3039C519,"Đồng Nai, Cần Thơ, Sóc Trăng",Sóc Trăng,19,10,75,750,Bảy Lô Đuôi,Đánh thường,hd04030101
A6335F25FD9C43E7B534A3A657291ED4,"Sóc Trăng, Đồng Nai",Sóc Trăng,19,50,75,"3,750",Bao Lô,Đánh thường,hd01240102
9690AA6C429B42AA853E29BFE36944B9,"Sóc Trăng, Đồng Nai",Sóc Trăng,19,5,80,400,Bao Lô,Đánh thường,eb04040402
374875C9CC394E39A45DF6149F1C72A1,"Đồng Nai, Sóc Trăng","Đồng Nai, Sóc Trăng","19, 39",5,560,"2,800",Đá Xiên,Đánh thường,hd01260201
648439838D6A48D38468EC88CD9FB2F2,"Cần Thơ, Sóc Trăng","Cần Thơ, Sóc Trăng","19, 39",5,560,"2,800",Đá Xiên,Đánh thường,hd01260201
0FC83793092641AFADF2B33B9CE67050,"Đồng Nai, Sóc Trăng","Đồng Nai, Sóc Trăng","19, 49",5,560,"2,800",Đá Xiên,Đánh thường,hd01260201
2F79779DBF7C4103BFDD256B1FA4CD09,"Đồng Nai, Sóc Trăng","Đồng Nai, Sóc Trăng","19, 52",2,560,"1,120",Đá Xiên,Đánh thường,hd08020205
170ECA18CB674A978240756EF38DAD87,"Sóc Trăng, Đồng Nai","Sóc Trăng, Đồng Nai","19, 79",2,560,"1,120",Đá Xiên,Đánh thường,am07130124
03A4BD57F8DE4A4994B1C3EFD3161A0F,"Đồng Nai, Sóc Trăng","Đồng Nai, Sóc Trăng","19, 79",5,560,"2,800",Đá Xiên,Đánh thường,hd01260201
030D2621C8B14C6BA50B6A7BFA941925,"Cần Thơ, Sóc Trăng","Cần Thơ, Sóc Trăng","19, 79",5,560,"2,800",Đá Xiên,Đánh thường,hd01260201
DA43CF8598484CB3A7B1280B359F8FF3,"Đồng Nai, Cần Thơ, Sóc Trăng",Đồng Nai,194,3,650,"1,950",Bao Lô,Đánh thường,atn010103
1DAF842CE54A498AB2E4050BDA088525,"Đồng Nai, Cần Thơ, Sóc Trăng",Đồng Nai,21,"3,400",75,"255,000",Đuôi,Đánh thường,atz010101
CA76443B17324A958386DDB348E46A78,"Sóc Trăng, Đồng Nai",Đồng Nai,21,25,60,"1,500",Đuôi,Đánh thường,hd08040102
8AF846545B80481B900C082A53E5E1EF,"Đồng Nai, Cần Thơ",Đồng Nai,21,100,75,"7,500",Bao Lô,Đánh thường,hd01500102
D4140DB6F2904F03B80CB0B6C565294C,"Đồng Nai, Cần Thơ, Sóc Trăng",Đồng Nai,21,100,70,"7,000",Đuôi,Đánh thường,eb47010101
1475E81AF4484EF0B57AAB29BC6EDD1E,Đồng Nai,Đồng Nai,21,20,75,"1,500",Đuôi,Đánh thường,hd10040310
7B4A103F6AE045C9BCE88705D4609E96,Đồng Nai,Đồng Nai,21,20,70,"1,400",Bảy Lô,Đánh thường,eb42020102
E6A080F2E1894A4080B84443B99F5AF8,"Đồng Nai, Cần Thơ, Sóc Trăng",Đồng Nai,21,4,70,280,Bao Lô,Đánh thường,am02040601
0717F47E3CA84FE687F71ADF26040010,"Đồng Nai, Cần Thơ, Sóc Trăng",Đồng Nai,21,8,70,560,Đuôi,Đánh thường,am02040601
5D575AA3CFB849AAA9EA793200B16CA6,"Đồng Nai, Cần Thơ",Đồng Nai,21,10,75,750,Đuôi,Đánh thường,hd01160401
E2AD280EC60C42568E24D55C442CC191,"Đồng Nai, Sóc Trăng",Đồng Nai,21,16,75,"1,200",Đuôi,Đánh thường,hd08020205
EC44CD7A3E4B4E508884388D80196AC6,"Đồng Nai, Cần Thơ","Đồng Nai, Cần Thơ","21, 31",1,510,510,Đá Xiên,Đánh thường,eb47010302
7B5E4E7011DC4C559A69012BBE357CD4,"Đồng Nai, Cần Thơ","Đồng Nai, Cần Thơ","21, 86",2,560,"1,120",Đá Xiên,Đánh thường,am07130131
BB4BF60F27144986BDDF81877B78F18F,"Đồng Nai, Cần Thơ, Sóc Trăng",Đồng Nai,22,5,70,350,Bao Lô,Đánh thường,eb40030101
074532B6EA3F410FB94A1A8F35BA8E01,"Đồng Nai, Cần Thơ, Sóc Trăng",Đồng Nai,22,120,75,"9,000",Bao Lô,Đánh thường,am07130124
E582FF48653A4E0DBA67ACB7C6B4FBC1,"Đồng Nai, Cần Thơ",Đồng Nai,22,700,75,"52,500",Bao Lô,Đánh thường,y2b3040102
C7CFA520CDB6437589C3B05FADB93605,"Đồng Nai, Cần Thơ, Sóc Trăng",Đồng Nai,22,500,70,"35,000",Bao Lô,Đánh thường,eb47010101
F675F01393A54FCF9EA371DB3ACCEABE,"Đồng Nai, Cần Thơ, Sóc Trăng",Đồng Nai,22,500,70,"35,000",Bao Lô,Đánh thường,eb47010101
FA920ED500B54472BF038BB68A068C86,"Đồng Nai, Cần Thơ, Sóc Trăng",Đồng Nai,22,4,70,280,Bao Lô,Đánh thường,am02040601
FD6431BD6C62465C96A630AC095F37F3,"Đồng Nai, Sóc Trăng","Đồng Nai, Sóc Trăng","22, 62",1,500,500,Đá Xiên,Đánh thường,am02040601
CB96FB6C215F4987A40027B6FCB4E42F,Đồng Nai,Đồng Nai,"22, 68",4,750,"3,000",Đá,Đánh thường,am07130124
C628573F2B5C49DB9514F3BC26218AA4,"Đồng Nai, Cần Thơ, Sóc Trăng","Đồng Nai, Sóc Trăng",26,5,80,800,Bao Lô,Đánh thường,lta1040503
B008D2BCDC1A4EB1AA711ABAD9DF5756,"Đồng Nai, Cần Thơ, Sóc Trăng","Đồng Nai, Sóc Trăng",26,4,70,560,Bao Lô,Đánh thường,am02040601
0A4B6248D89944D2972D13A9B9FF9818,"Sóc Trăng, Đồng Nai","Sóc Trăng, Đồng Nai","26, 62",8,560,"4,480",Đá Xiên,Đánh thường,am07130124
6AB374A9849A493A88F3A222A6D777CF,"Đồng Nai, Sóc Trăng","Đồng Nai, Sóc Trăng","26, 62",4,560,"2,240",Đá Xiên,Đánh thường,am07130124
C21C8B1680634312BE4AB677A558F1FF,"Cần Thơ, Sóc Trăng","Cần Thơ, Sóc Trăng","26, 62",4,560,"2,240",Đá Xiên,Đánh thường,am07130124
A781B7C4367F4456BDD11EF7F8733905,"Sóc Trăng, Đồng Nai","Sóc Trăng, Đồng Nai","26, 62",1.6,560,896,Đá Xiên,Đánh thường,am07130124
6DDF43EE3DF1471F99B2E901F657DD5C,"Đồng Nai, Sóc Trăng","Đồng Nai, Sóc Trăng","26, 62",1,500,500,Đá Xiên,Đánh thường,am02040601
8F26BA90204D489F98D906EB78A852CB,"Cần Thơ, Sóc Trăng","Cần Thơ, Sóc Trăng","26, 62",1,500,500,Đá Xiên,Đánh thường,am02040601
0EA6BF5746DB4689B521722A3CEDF6A9,"Đồng Nai, Sóc Trăng","Đồng Nai, Sóc Trăng","26, 62",1,560,560,Đá Xiên,Đánh thường,am07130120
C2CA7F8FCD0D4C1EBDB07263B748DD42,Cần Thơ,Cần Thơ,27,20,70,"1,400",Bao Lô,Đánh thường,y101031001
9BF8110A7C6A429DB57A4C6301FE7BB9,"Đồng Nai, Cần Thơ, Sóc Trăng",Cần Thơ,31,5,70,350,Bao Lô,Đánh thường,eb40030101
19A641375A544CDF83491850EA5DD87C,Cần Thơ,Cần Thơ,31,20,75,"1,500",Đầu,Đánh thường,hd10040310
54D0145156C8411681621B587131E24F,Cần Thơ,Cần Thơ,31,30,75,"2,250",Đầu,Đánh thường,hd10040310
F9BE94227C9E489A82995818E9688C8D,"Đồng Nai, Cần Thơ, Sóc Trăng",Cần Thơ,31,1,75,75,Bao Lô,Đánh thường,h01020108
DCAC1AA3EE144B1A828758F363D70401,"Đồng Nai, Cần Thơ, Sóc Trăng",Cần Thơ,31,1,75,75,Đầu,Đánh thường,h01020108
7D27CC3E6C974008983660FFE628AC5B,Cần Thơ,Cần Thơ,31,30,80,"2,400",Đầu,Đánh thường,y101060301
3F1B2563DDA44B64A940BDE4A4BB125B,Cần Thơ,Cần Thơ,31,70,75,"5,250",Đầu,Đánh thường,hd01460101
274821851D6842F8B7EEDEC91471F71F,Cần Thơ,Cần Thơ,31,70,75,"5,250",Đầu,Đánh thường,hd01460101
AA406C771150416384B7BDED91566484,Cần Thơ,Cần Thơ,31,100,75,"7,500",Đầu,Đánh thường,hd04020101
9B70BF4EB7644A59879FE382903B1D06,Cần Thơ,Cần Thơ,31,200,80,"16,000",Đầu,Đánh thường,hd04020402
983D77DB628A43A891A63163D5582613,"Cần Thơ, Sóc Trăng",Cần Thơ,31,50,80,"4,000",Bao Lô,Đánh thường,y101070204
4F17F9E7D18D45FEA72B353C72962E0D,"Đồng Nai, Cần Thơ, Sóc Trăng","Đồng Nai, Sóc Trăng",35,50,80,"8,000",Bao Lô,Đánh thường,lta1041702
1C0B994675544B83BD3C19F4F3E4843D,"Đồng Nai, Cần Thơ",Đồng Nai,35,700,75,"52,500",Bao Lô,Đánh thường,y2b3040102
AC138028617B423093105C2F0F0D7671,Đồng Nai,Đồng Nai,35,50,75,"3,750",Bao Lô,Đánh thường,am07150301
DA6B681831AF4349B2E30BA4D2D88F38,"Đồng Nai, Cần Thơ, Sóc Trăng","Đồng Nai, Sóc Trăng",35,4,70,560,Bao Lô,Đánh thường,am02040601
EAA03865468745E098383AEFDBCBF52B,"Đồng Nai, Sóc Trăng","Đồng Nai, Sóc Trăng","35, 49",15,560,"8,400",Đá Xiên,Đánh thường,hd08020205
F87F916A737443FF9796D52F193593BD,"Đồng Nai, Cần Thơ","Đồng Nai, Cần Thơ","35, 53",8,560,"4,480",Đá Xiên,Đánh thường,am07130124
01E80FAC82A34994995668167F85D0A9,"Cần Thơ, Sóc Trăng","Cần Thơ, Sóc Trăng","35, 53",8,560,"4,480",Đá Xiên,Đánh thường,am07130124
68D0BF4E07034F8EB205CF62114452A7,"Đồng Nai, Cần Thơ","Đồng Nai, Cần Thơ","35, 53",0.8,560,448,Đá Xiên,Đánh thường,am07130124
AF692409D264454FB197E907CF384E7E,"Cần Thơ, Sóc Trăng","Cần Thơ, Sóc Trăng","35, 53",0.8,560,448,Đá Xiên,Đánh thường,am07130124
B5297AEF41794BE4A8789185593CD5B8,"Sóc Trăng, Đồng Nai","Sóc Trăng, Đồng Nai","35, 62",4,560,"2,240",Đá Xiên,Đánh thường,am07130118
C5EE36E5465848CD8586A9A8A804E602,"Đồng Nai, Cần Thơ, Sóc Trăng",Sóc Trăng,354,2,600,"1,200",Bao Lô,Đánh thường,am02040601
432067D0111544B8B8CC470576C7DCBD,"Đồng Nai, Cần Thơ, Sóc Trăng",Sóc Trăng,354,1,600,600,Bao Lô,Đánh thường,am02040601
2E35582D7E704425B26678894613C4FB,Đồng Nai,Đồng Nai,374,2,650,"1,300",Bao Lô,Đánh thường,atn020102
AFED7E158A17400AB5800B43810EBE2E,"Đồng Nai, Cần Thơ, Sóc Trăng",Sóc Trăng,38,5,70,700,Bao Lô,Đánh thường,eb40030101
7BBA26E43CF6470EBC4B27653D4E304A,"Đồng Nai, Cần Thơ, Sóc Trăng",Sóc Trăng,38,5,70,700,Bao Lô,Đánh thường,eb40030101
4D690A39D0834A5188D195C0082FBB00,"Đồng Nai, Cần Thơ, Sóc Trăng",Sóc Trăng,38,6.5,70,910,Bao Lô,Đánh thường,eb40030101
CABECE9D7A3649DF90DA1CD353803FE2,Sóc Trăng,Sóc Trăng,38,200,75,"30,000",Bao Lô,Đánh thường,hd01260201
A91F97EB1FCC41D281AC33385EE9D47A,"Đồng Nai, Cần Thơ, Sóc Trăng",Sóc Trăng,38,50,80,"8,000",Bao Lô,Đánh thường,lta1041702
4587C18E0BCD420EAE39CEEDC2EDF302,"Đồng Nai, Cần Thơ, Sóc Trăng",Sóc Trăng,38,13,80,"2,080",Bao Lô,Đánh thường,atn050101
5D98742F787A456AB9336B39B5675E45,"Đồng Nai, Cần Thơ, Sóc Trăng",Sóc Trăng,38,4,70,560,Bao Lô,Đánh thường,am02040601
79C2E6E092B84B2A980F5D64F7C0BDD9,"Đồng Nai, Cần Thơ, Sóc Trăng",Sóc Trăng,38,10,75,750,Bảy Lô Đuôi,Đánh thường,hd04030101
6FC9FFF0748042B58326C2350B8A3D18,"Đồng Nai, Cần Thơ, Sóc Trăng",Sóc Trăng,38,20,70,"2,800",Bao Lô,Đánh thường,eb40030101
FD408502E0984AFDBA270AE66E1EE524,"Đồng Nai, Cần Thơ, Sóc Trăng",Sóc Trăng,38,13,70,"1,820",Bao Lô,Đánh thường,eb40030101
69472D2E9050499FBC9876CA1A10D060,"Đồng Nai, Sóc Trăng","Đồng Nai, Sóc Trăng","38, 39",1,500,500,Đá Xiên,Đánh thường,am02040601
AEBB4768CF8B4AE780D6CE2CFD49DD38,"Cần Thơ, Sóc Trăng","Cần Thơ, Sóc Trăng","38, 39",1,500,500,Đá Xiên,Đánh thường,am02040601
C93C4F5971F9499E8D92BADB4D2A0DDB,"Cần Thơ, Sóc Trăng","Cần Thơ, Sóc Trăng","38, 83",4,560,"2,240",Đá Xiên,Đánh thường,am07130124
4BF9BE0BBB1D436C8CD881DE8B13F63D,"Đồng Nai, Cần Thơ, Sóc Trăng",Cần Thơ,381,7,580,"4,060",Bao Lô,Đánh thường,eb27010107
1E22E9F7EEE64021B45FD6FB2AA2DBEB,"Đồng Nai, Cần Thơ",Cần Thơ,386,4,600,"2,400",Bảy Lô,Đánh thường,eb42120102
7C7898D2D90E4F04BFD8F500C3CD924F,"Đồng Nai, Cần Thơ, Sóc Trăng",Sóc Trăng,39,50,80,"4,000",Bao Lô,Đánh thường,lta1041702
64CD2F81300949589D898C8C932E1409,"Đồng Nai, Cần Thơ, Sóc Trăng",Sóc Trăng,39,5,80,400,Bao Lô,Đánh thường,lta1040503
EAE71A9EDFF1406A9F13D6DEC923BB6C,"Đồng Nai, Cần Thơ, Sóc Trăng",Sóc Trăng,39,4,70,280,Bao Lô,Đánh thường,am02040601
CFE7E3EE93F84F7EBD369017CACFFBD2,"Đồng Nai, Cần Thơ, Sóc Trăng",Sóc Trăng,39,10,75,750,Bảy Lô Đuôi,Đánh thường,hd04030101
D283045473284A85B8F010A8AF20877E,"Đồng Nai, Cần Thơ, Sóc Trăng",Sóc Trăng,39,2,75,150,Bao Lô,Đánh thường,h01020108
A83152226C1246578C8B397AE7FD93E3,Sóc Trăng,Sóc Trăng,39,10,80,800,Bao Lô,Đánh thường,y101070204
7D974184159A4588BDCDE4BCB45DA491,"Đồng Nai, Cần Thơ, Sóc Trăng",Sóc Trăng,39,50,80,"4,000",Bao Lô,Đánh thường,y101070204
926F915AD8984F3E88B5D71C31B2C8D4,"Đồng Nai, Cần Thơ, Sóc Trăng",Sóc Trăng,39,10,80,800,Bao Lô,Đánh thường,y101070204
B38E537F392B45D0824EF73B0F0C0B3B,"Đồng Nai, Sóc Trăng","Đồng Nai, Sóc Trăng","39, 49",5,560,"2,800",Đá Xiên,Đánh thường,hd01260201
FB0592AEA3654F2D980CDB278159E42E,"Sóc Trăng, Đồng Nai","Sóc Trăng, Đồng Nai","39, 68",4,560,"2,240",Đá Xiên,Đánh thường,am07130131
87F37D5ED4BA4C53AD9D025216149A11,"Sóc Trăng, Đồng Nai","Sóc Trăng, Đồng Nai","39, 79",4,560,"2,240",Đá Xiên,Đánh thường,am07130118
1E35F685BC16480AA8006A1ABD2B72D9,"Đồng Nai, Sóc Trăng","Đồng Nai, Sóc Trăng","39, 79",1,560,560,Đá Xiên,Đánh thường,hd08020103
5D3815D14F7B4760A57C1B4515FE14A0,"Cần Thơ, Sóc Trăng","Cần Thơ, Sóc Trăng","39, 79",1,560,560,Đá Xiên,Đánh thường,hd08020103
ADD097B2C4B74299BFB5D6B31E21A563,"Đồng Nai, Sóc Trăng","Đồng Nai, Sóc Trăng","39, 79",0.8,560,448,Đá Xiên,Đánh thường,am07130124
B9DA76AD4C984F7D993AE54B20184114,"Cần Thơ, Sóc Trăng","Cần Thơ, Sóc Trăng","39, 79",0.8,560,448,Đá Xiên,Đánh thường,am07130124
379F52ABCE9743FA9EB1AE5F76C58B5A,"Sóc Trăng, Đồng Nai","Sóc Trăng, Đồng Nai","39, 79",4,560,"2,240",Đá Xiên,Đánh thường,am07130131
677CA0169476454B894B4DB569DCE201,"Sóc Trăng, Đồng Nai","Sóc Trăng, Đồng Nai","39, 79",2,560,"1,120",Đá Xiên,Đánh thường,am07130124
14AEE36FEB5E4594848BBBBEA2DCF434,"Đồng Nai, Sóc Trăng","Đồng Nai, Sóc Trăng","39, 79",5,560,"2,800",Đá Xiên,Đánh thường,hd01260201
D0598FFCDD4542FA925894411982BE95,"Cần Thơ, Sóc Trăng","Cần Thơ, Sóc Trăng","39, 79",5,560,"2,800",Đá Xiên,Đánh thường,hd01260201
378C25D084A14802A05157A88307ADBB,"Đồng Nai, Sóc Trăng","Đồng Nai, Sóc Trăng","39, 93",4,560,"2,240",Đá Xiên,Đánh thường,am07130124
7FAE899B480A43B78950CBC6270B63E5,"Cần Thơ, Sóc Trăng","Cần Thơ, Sóc Trăng","39, 93",4,560,"2,240",Đá Xiên,Đánh thường,am07130124
2CB23C510B8F4963ABBB3B6535C33545,"Cần Thơ, Sóc Trăng","Cần Thơ, Sóc Trăng","39, 93",10,560,"5,600",Đá Xiên,Đánh thường,hd01260101
CA65B41B07E643CF98CD9EE3221CB3B8,Cần Thơ,Cần Thơ,40,5,70,350,Bao Lô,Đánh thường,y101030219
4C83A005FDC149CDAF6D2C5437ED82BC,"Đồng Nai, Cần Thơ, Sóc Trăng",Cần Thơ,40,4,70,280,Bao Lô,Đánh thường,am02040601
D759F04D0A6142C29C02A25462EECF5A,"Đồng Nai, Cần Thơ","Đồng Nai, Cần Thơ","40, 80",1,500,500,Đá Xiên,Đánh thường,am02040601
8C1FFDC638304DA5AB9024E19996893F,"Cần Thơ, Sóc Trăng","Cần Thơ, Sóc Trăng","40, 80",1,500,500,Đá Xiên,Đánh thường,am02040601
3E1C5D4423A14E6A8D5ECEE6038AA01F,"Đồng Nai, Cần Thơ, Sóc Trăng",Sóc Trăng,44,5,70,350,Bao Lô,Đánh thường,eb40030101
5A97F4F89CBB48AEBC567A050EF9CEFD,"Đồng Nai, Cần Thơ, Sóc Trăng",Sóc Trăng,44,20,80,"1,600",Bao Lô,Đánh thường,y101070201
7001C4B12AF54663BAA8A8433B982690,"Sóc Trăng, Đồng Nai","Sóc Trăng, Đồng Nai","44, 49",2,560,"1,120",Đá Xiên,Đánh thường,am07130124
634B2A65FEAF4F7E943475E4C7E1DEA9,Sóc Trăng,Sóc Trăng,"44, 54",8,750,"6,000",Đá,Đánh thường,am07130124
D07E67CDB3544390B3F009098C71A0DE,"Cần Thơ, Sóc Trăng","Cần Thơ, Sóc Trăng","44, 55",1,510,510,Đá Xiên,Đánh thường,eb47010302
85EA3DD26D6A41A1B913CEF9CBC9D520,"Đồng Nai, Sóc Trăng","Đồng Nai, Sóc Trăng","44, 74",1,550,550,Đá Xiên,Đánh thường,eb02070206
CF10A652B6B94423B1EB37864117073E,"Cần Thơ, Sóc Trăng","Cần Thơ, Sóc Trăng","44, 74",1,550,550,Đá Xiên,Đánh thường,eb02070206
AFC1B18991D74D5993FFEB0677CBE813,"Đồng Nai, Cần Thơ",Cần Thơ,480,300,650,"195,000",Bao Lô,Đánh thường,eb04100000
ADF6C6096EE54AB4A791EC5BAF2D0210,"Đồng Nai, Cần Thơ, Sóc Trăng",Đồng Nai,49,5,70,350,Bao Lô,Đánh thường,eb40030101
AFDEAAB175F349A5AA59B29CBF62D279,"Đồng Nai, Cần Thơ, Sóc Trăng",Đồng Nai,49,5,70,350,Bao Lô,Đánh thường,eb40030101
645E13A6F094439CB61135D9CBE3E02A,"Đồng Nai, Cần Thơ, Sóc Trăng",Đồng Nai,49,5,70,350,Bao Lô,Đánh thường,eb40030101
AA09DF4E75AF4FF2A4E55C3BDA102BA4,Đồng Nai,Đồng Nai,49,200,75,"15,000",Bao Lô,Đánh thường,hd01260201
600077E860BB49B49A04B97D406D5203,"Đồng Nai, Cần Thơ, Sóc Trăng",Đồng Nai,49,2,75,150,Bao Lô,Đánh thường,h01020108
30F97840C81741F7A4AA2B0C2B519E2A,Đồng Nai,Đồng Nai,49,50,75,"3,750",Bao Lô,Đánh thường,atm080101
ABC3C277D29E4D49B6DE4CC053B94A8C,"Sóc Trăng, Đồng Nai",Đồng Nai,49,10,60,600,Bao Lô,Đánh thường,hd08040102
242B275A0AEA4BB98D97B22D66DBE0F8,"Đồng Nai, Cần Thơ","Đồng Nai, Cần Thơ","49, 56",8,560,"4,480",Đá Xiên,Đánh thường,am07130118
B461757AE2F844398E48D3CD4F2B7010,"Đồng Nai, Cần Thơ","Đồng Nai, Cần Thơ","49, 56",2,560,"1,120",Đá Xiên,Đánh thường,am07130124
61DDE4C549794FC2B7B0248E29E94820,"Cần Thơ, Đồng Nai","Cần Thơ, Đồng Nai","49, 68",8,560,"4,480",Đá Xiên,Đánh thường,hd01580103
01A98B3673B24575AEBAD44A9C7DB162,"Cần Thơ, Đồng Nai","Cần Thơ, Đồng Nai","49, 68",2,560,"1,120",Đá Xiên,Đánh thường,hd01580103
F89B2848BB254CCAB12859F690DA8D3C,"Đồng Nai, Sóc Trăng","Đồng Nai, Sóc Trăng","49, 79",5,560,"2,800",Đá Xiên,Đánh thường,hd01260201
949E21497E974F59ABFC588AA246D991,Đồng Nai,Đồng Nai,"49, 94",1,750,750,Đá,Đánh thường,lta1040206
2CCD34B251F84D148A00521BFBB86C39,Cần Thơ,Cần Thơ,51,200,75,"15,000",Bao Lô,Đánh thường,hd01260201
346DCFE98C46448FB5BDA7D32D59B66F,Sóc Trăng,Sóc Trăng,51,200,75,"15,000",Bao Lô,Đánh thường,hd01260201
3E1D08B5DF274B79BF7A974CC75B9E19,Sóc Trăng,Sóc Trăng,51,500,75,"37,500",Bao Lô,Đánh thường,y2b3040102
DF68F11273584ED3A668D5CD0FAF553E,"Đồng Nai, Cần Thơ, Sóc Trăng","Cần Thơ, Sóc Trăng",51,50,80,"8,000",Bao Lô,Đánh thường,y101070303
5DA3CF41B2584EFFB58D010A3623CD14,Sóc Trăng,Sóc Trăng,51,25,80,"2,000",Bao Lô,Đánh thường,eb02090002
EF7940CD12D14B21B2954C288C008E7C,Cần Thơ,Cần Thơ,51,50,80,"4,000",Bao Lô,Đánh thường,y101070303
A6081A94D88841A4B702ACB50B3C1923,"Sóc Trăng, Đồng Nai","Sóc Trăng, Đồng Nai","51, 62",37.6,560,"21,056",Đá Xiên,Đánh thường,am07130131
1FA63C6302B8474FB9798B4AC70FC636,"Đồng Nai, Cần Thơ, Sóc Trăng",Đồng Nai,52,5,70,350,Bao Lô,Đánh thường,eb40030101
CA38D7EE3ADE46F9988EC679C7C6A69C,Đồng Nai,Đồng Nai,52,200,75,"15,000",Bao Lô,Đánh thường,hd01260201
23B2180C4AA547758476EA859F5C3AFD,"Đồng Nai, Cần Thơ, Sóc Trăng",Đồng Nai,52,9,75,675,Bao Lô,Đánh thường,h01020108
0E0A3CD18EA74D8797F9A7F6CFDC842F,"Đồng Nai, Cần Thơ",Đồng Nai,52,15,75,"1,125",Bao Lô,Đánh thường,eb47010201
F70B0E728D064693B572F03C59420FCF,"Đồng Nai, Cần Thơ, Sóc Trăng",Đồng Nai,52,4,70,280,Bao Lô,Đánh thường,am02040601
F02AEE3F22D84DC3A37442D2E41DE899,"Sóc Trăng, Đồng Nai",Đồng Nai,52,50,60,"3,000",Bao Lô,Đánh thường,hd08040104
A5FBFF3CF1E243F695488947C2834DBF,"Đồng Nai, Sóc Trăng","Đồng Nai, Sóc Trăng","52, 62",2,560,"1,120",Đá Xiên,Đánh thường,am07130124
8604D793B63B4E259AFD9598EF0A309B,"Đồng Nai, Cần Thơ","Đồng Nai, Cần Thơ","52, 81",4.9,510,"2,499",Đá Xiên,Đánh thường,eb47010302
D568752E52C2448299A4BD6E06F5E331,"Đồng Nai, Cần Thơ",Đồng Nai,526,2,650,"1,300",Bao Lô,Đánh thường,y101060201
AFBE9C05E2B844D0ABF6685AFC3574A0,"Đồng Nai, Cần Thơ",Đồng Nai,526,5,650,"3,250",XC Đầu,Đánh thường,y101060201
D3A9FC132FA7426FB4D5491F2D3C92F6,"Đồng Nai, Cần Thơ, Sóc Trăng",Cần Thơ,53,5,70,350,Bao Lô,Đánh thường,eb40030101
7C8BE6DF6A394B7AB4C0BF83E209C28B,"Đồng Nai, Cần Thơ, Sóc Trăng",Cần Thơ,53,3,70,210,Bao Lô,Đánh thường,am02040601
135C6F9E9409490C88FF219AF1BAE736,"Đồng Nai, Cần Thơ","Đồng Nai, Cần Thơ","53, 93",1,500,500,Đá Xiên,Đánh thường,am02040601
13C5A78D0A8E499B9F0709201A182C06,"Cần Thơ, Sóc Trăng","Cần Thơ, Sóc Trăng","53, 93",1,500,500,Đá Xiên,Đánh thường,am02040601
E0EEE702230F4E5B83427209EA17FF44,"Đồng Nai, Cần Thơ, Sóc Trăng",Sóc Trăng,538,90,600,"54,000",Bao Lô,Đánh thường,y101070601
7C29C9F2278A42FD99BC62B9865CF16C,"Đồng Nai, Cần Thơ, Sóc Trăng","Đồng Nai, Sóc Trăng",54,5,70,700,Bao Lô,Đánh thường,eb40030101
AA5A52AFA41F4A11B52B5E12E9A96F93,"Đồng Nai, Cần Thơ, Sóc Trăng","Đồng Nai, Sóc Trăng",54,4,70,560,Bao Lô,Đánh thường,am02040601
BFE513B6F15845D88233848FE9A91387,"Sóc Trăng, Đồng Nai","Sóc Trăng, Đồng Nai",54,40,75,"6,000",Bao Lô,Đánh thường,am07130129
F41C01469DAE471AA5A1A205FC59998B,"Đồng Nai, Cần Thơ",Cần Thơ,5480,100,"6,000","600,000",Bao Lô,Đánh thường,eb04100000
0B52E41A1E734D9EA1FEAE102225FEF0,Cần Thơ,Cần Thơ,55,3,80,240,Bao Lô,Đánh thường,y101030701
E2AD091CED754DCD8A5D4D6DB2CBEDAC,"Đồng Nai, Cần Thơ, Sóc Trăng",Cần Thơ,55,20,80,"1,600",Bao Lô,Đánh thường,y101070206
A542F18000C34EE7AE3AC16B3F2F9912,Cần Thơ,Cần Thơ,"55, 56",3,640,"1,920",Đá,Đánh thường,y101031303
B5F4F5F1A3884BC996065594B6D60A26,"Cần Thơ, Sóc Trăng","Cần Thơ, Sóc Trăng","55, 79",0.8,560,448,Đá Xiên,Đánh thường,am07130124
DCB8F5778C1E4BC7A82E6F5E5B5C5869,Cần Thơ,Cần Thơ,56,20,70,"1,400",Bao Lô,Đánh thường,y101031001
C1BC81AA4D3A4A3C8D130BCDC51D4FB6,"Đồng Nai, Cần Thơ, Sóc Trăng",Cần Thơ,56,2.5,60,150,Bao Lô,Đánh thường,hd08040102
C37DC42728234512A3019C6BB38E5908,Cần Thơ,Cần Thơ,56,50,80,"4,000",Bao Lô,Đánh thường,y101070205
11A923954AB94FB9931D97DBCE8FA8F7,"Đồng Nai, Cần Thơ, Sóc Trăng",Cần Thơ,574,15,600,"9,000",Bao Lô,Đánh thường,lta1010805
57720E6A660547239D63E56A5410834B,"Cần Thơ, Đồng Nai",Cần Thơ,574,3,650,"1,950",Bao Lô,Đánh thường,hd01570000
3C4A2D73D9E34518A1A5C3951A63FCE7,Cần Thơ,Cần Thơ,60,50,70,"7,000",Bao Lô,Đánh thường,h01020130
9669F6A8BDD94356B52BCA4E80D7ACB2,"Cần Thơ, Đồng Nai",Cần Thơ,60,50,70,"7,000",Bao Lô,Đánh thường,h01020130
FDEC932A1D604F16AE5DED7D2F48E477,"Đồng Nai, Cần Thơ, Sóc Trăng",Cần Thơ,60,4,70,560,Bao Lô,Đánh thường,am02040601
BD60401A4D574E6197146F943C0CE9DD,Cần Thơ,Cần Thơ,60,50,75,"7,500",Bao Lô,Đánh thường,atm080101
A12D33958B334D36AB62264AAB3EB772,"Đồng Nai, Cần Thơ, Sóc Trăng",Sóc Trăng,62,5,70,350,Bao Lô,Đánh thường,eb40030101
44FA01A7AE9E4D3C83313A19D7ED1C08,Sóc Trăng,Sóc Trăng,62,200,75,"15,000",Bao Lô,Đánh thường,hd01260201
F2B9360BCDE14E08A6398EA208FB22AB,"Đồng Nai, Cần Thơ, Sóc Trăng",Sóc Trăng,62,5,80,400,Bao Lô,Đánh thường,lta1040503
C432523EF31447B78017351C20187ECD,"Đồng Nai, Cần Thơ, Sóc Trăng",Sóc Trăng,62,4,70,280,Bao Lô,Đánh thường,am02040601
5C3B1CC737014E5D89320DD494E28856,"Sóc Trăng, Đồng Nai",Đồng Nai,68,50,60,"3,000",Đầu,Đánh thường,hd08040102
88509AEB21664A35938295D866033B3E,"Đồng Nai, Cần Thơ, Sóc Trăng",Đồng Nai,68,6.5,70,455,Bao Lô,Đánh thường,eb40030101
2D076756AD124EB79ABB9A8543F0A023,Đồng Nai,Đồng Nai,68,200,75,"15,000",Bao Lô,Đánh thường,hd01260201
4D03CF8E35B843F29DF784C9152725DC,Đồng Nai,Đồng Nai,68,300,75,"22,500",Đầu,Đánh thường,hd10040304
D86BE1573728422A9EA7DF02F3686BEA,Đồng Nai,Đồng Nai,68,200,60,"12,000",Đầu,Đánh thường,hd08040103
374488528FE9473D84B8BCD62A09461B,"Đồng Nai, Cần Thơ",Đồng Nai,68,"1,000",75,"75,000",Đầu,Đánh thường,hd10040310
8B41407A730043A7B1A2894BD3EA37B7,"Đồng Nai, Cần Thơ",Đồng Nai,68,100,80,"8,000",Bao Lô,Đánh thường,lta1090308
49E0498D8547424794C7229DBC9A31BA,"Đồng Nai, Cần Thơ, Sóc Trăng",Đồng Nai,68,10,80,800,Đầu,Đánh thường,lta1040102
E604A01F968F4FA2A0C06D31C68087A9,"Đồng Nai, Cần Thơ",Đồng Nai,68,80,75,"6,000",Bao Lô,Đánh thường,y101060206
45658052147045689A6D909B8625001B,Đồng Nai,Đồng Nai,68,30,80,"2,400",Đầu,Đánh thường,y101060301
9F27D523719F415A84F40FA4A3C7D8FD,"Đồng Nai, Cần Thơ, Sóc Trăng",Đồng Nai,68,100,70,"7,000",Bao Lô,Đánh thường,eb47010101
900083AE5476473A8C59C266CB49993C,Đồng Nai,Đồng Nai,68,80,75,"6,000",Đầu,Đánh thường,am07130114
B7BD7AB360C1413E91DDAB560A29E295,"Đồng Nai, Cần Thơ, Sóc Trăng",Đồng Nai,68,20,80,"1,600",Bao Lô,Đánh thường,y101070205
020AFFFF6A0542669CF57172A07FDF79,"Đồng Nai, Cần Thơ, Sóc Trăng",Đồng Nai,68,50,80,"4,000",Bao Lô,Đánh thường,y101070205
B639DE3CA9154B44BDC14BB527B9C834,"Sóc Trăng, Đồng Nai",Đồng Nai,68,5,60,300,Bao Lô,Đánh thường,hd08040102
3EDECF602DAC405C821FADFA43A0680B,"Đồng Nai, Cần Thơ, Sóc Trăng",Đồng Nai,68,5,80,400,Bao Lô,Đánh thường,y101070205
33FC5C64DED34061881ACC8C04F70898,"Đồng Nai, Cần Thơ, Sóc Trăng",Đồng Nai,68,15,80,"1,200",Bao Lô,Đánh thường,y101070204
DF8CDAAAF3304485A5B1C93778996FC5,"Đồng Nai, Cần Thơ, Sóc Trăng",Đồng Nai,68,7,80,560,Bao Lô,Đánh thường,y101070204
86968FB88AAF4F49AA32AD32A90603C1,"Đồng Nai, Cần Thơ, Sóc Trăng",Đồng Nai,68,10,80,800,Bao Lô,Đánh thường,y101070204
542B2347687845A0B5429C88A7249EB5,"Đồng Nai, Cần Thơ, Sóc Trăng",Đồng Nai,68,250,75,"18,750",Bao Lô,Đánh thường,hd10040401
553642A253A7475D9DE7B371F4080452,"Đồng Nai, Cần Thơ, Sóc Trăng",Đồng Nai,68,4,70,280,Bao Lô,Đánh thường,am02040601
1F8193067B2F42718ADDBA49BCB9E0DC,"Đồng Nai, Cần Thơ, Sóc Trăng",Đồng Nai,68,7,70,490,Đầu,Đánh thường,am02040601
8047F9FF1A254A4C9E7F336663233DDE,"Đồng Nai, Cần Thơ, Sóc Trăng",Đồng Nai,68,5,80,400,Bao Lô,Đánh thường,y101070206
E64F4A8143D6403AA2696FFA8607C714,"Đồng Nai, Sóc Trăng",Đồng Nai,68,80,70,"5,600",Đầu,Đánh thường,eb42010101
3B5AFF3DBC2848EF8FA2DAE7693C94FC,"Đồng Nai, Sóc Trăng",Đồng Nai,68,180,70,"12,600",Bao Lô,Đánh thường,eb42010101
535D49FDD7E84AA8A5AA876495E94836,"Đồng Nai, Cần Thơ",Đồng Nai,68,50,75,"3,750",Bao Lô,Đánh thường,hd01160904
1E90E5E9504645F4975C8F8717A0EBB1,"Cần Thơ, Đồng Nai",Đồng Nai,68,20,75,"1,500",Bao Lô,Đánh thường,hd01580103
D3BB3ACB567248E9814F0D50B4346D0F,Đồng Nai,Đồng Nai,68,80,75,"6,000",Đầu,Đánh thường,eb47020002
907CD839075540478950E34279C7F662,"Đồng Nai, Cần Thơ, Sóc Trăng",Đồng Nai,68,20,80,"1,600",Bao Lô,Đánh thường,y101070204
FB09C457F8314C6DB30978FFE519DA43,Đồng Nai,Đồng Nai,68,150,60,"9,000",Đầu,Đánh thường,hd08010402
AADD50D48AD54AD6B61B5917F17C4080,"Cần Thơ, Đồng Nai",Đồng Nai,68,5,75,375,Bao Lô,Đánh thường,hd01580103
FEA12E3650D74D93BFAA53B6B036D303,"Đồng Nai, Cần Thơ",Đồng Nai,68,26,70,"1,820",Bao Lô,Đánh thường,ate1020209
8985FFE470824A798D960D6E41690CB0,"Đồng Nai, Cần Thơ",Đồng Nai,68,200,75,"15,000",Bao Lô,Đánh thường,hd01280201
8E0D771CDE8F49B284F0BA5D57BF983A,"Sóc Trăng, Cần Thơ, Đồng Nai",Đồng Nai,68,5,70,350,Bao Lô,Đánh thường,y101030601
51F24930F23C4F93AC014E0FB86E2C0A,"Đồng Nai, Cần Thơ, Sóc Trăng",Đồng Nai,68,150,70,"10,500",Bao Lô,Đánh thường,eb47010101
D7E3FB08323B4DE0ABD199ADD496C9F0,Đồng Nai,Đồng Nai,68,111,70,"7,770",Đầu,Đánh thường,eb47010501
EAC8726608BF47D795D487DDDA213B6D,"Đồng Nai, Cần Thơ, Sóc Trăng",Đồng Nai,68,10,80,800,Bao Lô,Đánh thường,y101070204
4CEC50F1880D4F0AA29D9C7E7E0FEF40,"Đồng Nai, Cần Thơ, Sóc Trăng",Đồng Nai,68,40,75,"3,000",Bao Lô,Đánh thường,hd10040106
E5670B37720848B49904C51F8BF023E1,"Đồng Nai, Cần Thơ, Sóc Trăng",Đồng Nai,68,10,75,750,Bao Lô,Đánh thường,atm080101
5A72ED3FA5A94ADBB112D9E4E20C3FE4,"Đồng Nai, Cần Thơ, Sóc Trăng",Đồng Nai,68,13,70,910,Bao Lô,Đánh thường,eb40030101
C0B192FA9FAB4A858D0DDC616BF96D9E,"Cần Thơ, Đồng Nai","Cần Thơ, Đồng Nai","68, 74",3,560,"1,680",Đá Xiên,Đánh thường,hd01570000
E815DC6A77F0466DBC040EA5C9D240C1,"Cần Thơ, Đồng Nai","Cần Thơ, Đồng Nai","68, 86",1,550,550,Đá Xiên,Đánh thường,atn020102
A1E45E1EACEC46A7AA67A68584F5D92E,"Đồng Nai, Cần Thơ","Đồng Nai, Cần Thơ","68, 86",10,560,"5,600",Đá Xiên,Đánh thường,y101010801
8E6A82D4B4424DA58FD639322E049148,"Đồng Nai, Cần Thơ","Đồng Nai, Cần Thơ","68, 86",4,560,"2,240",Đá Xiên,Đánh thường,am07130124
190B0C7FA1DD4FB18BCEFB39F246AA4B,"Cần Thơ, Đồng Nai","Cần Thơ, Đồng Nai","68, 86",1,560,560,Đá Xiên,Đánh thường,hd01580103
D823629FC04B491DB2335F383D49854B,"Đồng Nai, Cần Thơ","Đồng Nai, Cần Thơ","68, 86",8,560,"4,480",Đá Xiên,Đánh thường,am07130124
DAFA5D65D139453EAA2BEDC6893CF1AC,"Đồng Nai, Cần Thơ","Đồng Nai, Cần Thơ","68, 86",2,560,"1,120",Đá Xiên,Đánh thường,am07130124
572306C8357F4D00974F6FF87D98FC09,"Đồng Nai, Cần Thơ","Đồng Nai, Cần Thơ","68, 86",0.8,560,448,Đá Xiên,Đánh thường,am07130131
E135CCB5099D47F1940144D746DD738C,"Đồng Nai, Cần Thơ, Sóc Trăng",Cần Thơ,711,3,600,"1,800",Bao Lô,Đánh thường,y101070301
1536CF57F9D04035B57207E2991B33E1,Cần Thơ,Cần Thơ,711,5,650,"3,250",Bao Lô,Đánh thường,atn010106
488F44A48BCC47E7BF8FB22BFD54DBDC,"Đồng Nai, Cần Thơ",Cần Thơ,711,6,650,"3,900",Bao Lô,Đánh thường,y101060101
ADB8D1A681C943F4A55D56CF2FBC381C,"Đồng Nai, Cần Thơ, Sóc Trăng",Sóc Trăng,735,5,600,"3,000",Bao Lô,Đánh thường,am02040601
9A7BD5E133BD4BF68FD318C4A9A699D9,Đồng Nai,Đồng Nai,74,35,75,"2,625",Bao Lô,Đánh thường,hd04011101
A4CCD52A86D94E5696FA6AE115319C23,Cần Thơ,Cần Thơ,74,5,70,350,Bao Lô,Đánh thường,y101030219
8D59581BEBBD4E06964B13723F359062,Cần Thơ,Cần Thơ,74,40,70,"2,800",Bao Lô,Đánh thường,y101030219
98E785A8CED844E8B7AB60DC249027B0,Cần Thơ,Cần Thơ,74,5,80,400,Bao Lô,Đánh thường,eb06020110
F76F05C13FAA49CCB112183A1F647455,Cần Thơ,Cần Thơ,74,150,75,"11,250",Bao Lô,Đánh thường,hd01500102
8FD2865363674F499AD15444D571EFFB,"Đồng Nai, Cần Thơ, Sóc Trăng","Đồng Nai, Cần Thơ",74,5,70,700,Bao Lô,Đánh thường,am02040601
B07CE522FE264249BDADE94E7FC1FB06,Cần Thơ,Cần Thơ,74,11,70,770,Bao Lô,Đánh thường,y101030601
F5CC2AAB84A74AFE84B0A3B1B057945F,"Đồng Nai, Cần Thơ","Đồng Nai, Cần Thơ",74,3,80,480,Bao Lô,Đánh thường,hd04020403
F78A0FA7863B411ABFC96E86FAE2102D,"Đồng Nai, Cần Thơ, Sóc Trăng",Sóc Trăng,79,5,70,350,Bao Lô,Đánh thường,eb40030101
3BCCC242AF23491291C712E34E8FD1B7,Sóc Trăng,Sóc Trăng,79,200,75,"15,000",Bao Lô,Đánh thường,hd01260201
C82DE1FC0FA04E998B2DE35EF0D79B91,"Đồng Nai, Cần Thơ, Sóc Trăng",Sóc Trăng,79,1,80,80,Bao Lô,Đánh thường,eb04040405
048EF3054B9947CFB34064C422D1A569,Sóc Trăng,Sóc Trăng,79,25,75,"1,875",Bao Lô,Đánh thường,hd01460101
295B78C1D33D499E8D8DBF01ABF38506,Sóc Trăng,Sóc Trăng,79,90,75,"6,750",Bao Lô,Đánh thường,hd01160401
B033C2170063441E8F1C7CE69F078D89,"Đồng Nai, Cần Thơ, Sóc Trăng",Cần Thơ,80,5,70,350,Bao Lô,Đánh thường,eb40030101
25D3F9F7063C4BBA9388B6BD392FD82D,"Đồng Nai, Cần Thơ",Cần Thơ,80,700,75,"52,500",Bao Lô,Đánh thường,y2b3040102
9D6454C5AADF4F17BCB93107B8820D7D,"Đồng Nai, Cần Thơ, Sóc Trăng",Cần Thơ,80,4,70,280,Bao Lô,Đánh thường,am02040601
D9378F2FADE54165A9DBFCA8CDD0140F,"Đồng Nai, Cần Thơ",Cần Thơ,80,"1,000",75,"75,000",Bao Lô,Đánh thường,eb04100000
E60AE9CE94A14489859EC32B11EFF525,"Đồng Nai, Cần Thơ, Sóc Trăng",Cần Thơ,80,3,80,240,Bao Lô,Đánh thường,eb06020108
FFDCE32D5F934D36A50F7096D3731538,"Đồng Nai, Cần Thơ, Sóc Trăng",Cần Thơ,80,4,70,280,Bao Lô,Đánh thường,am02040601
E5403723C8944DDB87725B40A6C57788,Cần Thơ,Cần Thơ,"80, 81",50,750,"37,500",Đá,Đánh thường,y101010516
D45654414E0C4ABA85D7AC9854616CE9,"Sóc Trăng, Cần Thơ, Đồng Nai",Đồng Nai,807,5,600,"3,000",Bao Lô,Đánh thường,y101010506
9355123E8CE04B12B5FF795009B36EF8,"Đồng Nai, Cần Thơ, Sóc Trăng",Cần Thơ,81,"3,400",75,"255,000",Đuôi,Đánh thường,atz010101
41B806C424B54184B0B44F6EBEBE4CBE,Cần Thơ,Cần Thơ,81,"1,000",75,"75,000",Đuôi,Đánh thường,hd01320201
142A497597E3413FB14129BFF708255A,Cần Thơ,Cần Thơ,81,"1,000",75,"75,000",Đuôi,Đánh thường,hd01440101
579CCA274E954A7180CA74103DC2EE94,"Đồng Nai, Cần Thơ, Sóc Trăng",Cần Thơ,81,5,70,350,Bao Lô,Đánh thường,eb40030101
3441C46F95DB47438059FB98A06E2212,Cần Thơ,Cần Thơ,81,30,80,"2,400",Đuôi,Đánh thường,y101060301
07DE9028C08F4C34BD18828878C8FE64,"Đồng Nai, Cần Thơ, Sóc Trăng",Cần Thơ,81,4,70,280,Bao Lô,Đánh thường,am02040601
E9FDA75FFFE1430A9FFD7204A545F0D2,"Đồng Nai, Cần Thơ, Sóc Trăng",Cần Thơ,81,8,70,560,Đuôi,Đánh thường,am02040601
0137D4EA0AE440519E0A77DD2050E05A,Cần Thơ,Cần Thơ,81,30,70,"2,100",Đuôi,Đánh thường,y101031303
9D4124A504074C628E716E93D5117AD9,Cần Thơ,Cần Thơ,81,5,70,350,Đuôi,Đánh thường,y101070503
3B00D052BBB84801A4A4DCF94D43CE14,Cần Thơ,Cần Thơ,81,20,70,"1,400",Đuôi,Đánh thường,y101070503
FB88F670A4574C88AF8067E12040A410,"Đồng Nai, Cần Thơ, Sóc Trăng",Sóc Trăng,819,10,650,"6,500",Bảy Lô Đuôi,Đánh thường,hd04030101
0BD30C2A51994D45B9A9A619E57CE0A8,Cần Thơ,Cần Thơ,827,1.5,600,900,Bao Lô,Đánh thường,y101031303
2594DF8A6A8E4902B09F8CDCAB267F51,"Đồng Nai, Cần Thơ, Sóc Trăng",Cần Thơ,83,5,70,350,Bao Lô,Đánh thường,eb40030101
886013A2B0D644D6AB5BA2D3303DC7E6,"Đồng Nai, Cần Thơ, Sóc Trăng",Cần Thơ,83,5,70,350,Bao Lô,Đánh thường,eb40030101
DD5A3B913D93434DB54217AC857CB977,"Đồng Nai, Cần Thơ, Sóc Trăng",Cần Thơ,83,5,70,350,Bao Lô,Đánh thường,eb40030101
154B29167E03485DB450E3668E5F2BCA,"Đồng Nai, Cần Thơ, Sóc Trăng",Cần Thơ,83,5,70,350,Bao Lô,Đánh thường,eb40030101
92EF616513C241DB85DEFDB58831FA82,"Đồng Nai, Cần Thơ, Sóc Trăng",Cần Thơ,83,5,70,350,Bao Lô,Đánh thường,eb40030101
73D5A9967C7E48C491370CD54E35197F,Cần Thơ,Cần Thơ,83,200,75,"15,000",Bao Lô,Đánh thường,hd01260201
0CFEC29AC2A54EA89CEB317652B9CBCD,Cần Thơ,Cần Thơ,83,30,80,"2,400",Bao Lô,Đánh thường,eb02070202
4A84A403526F4D169196680FB9153FC5,Cần Thơ,Cần Thơ,83,40,75,"3,000",Bao Lô,Đánh thường,eb47010201
3067A09CEF904A71832CEC762E7A545B,"Đồng Nai, Cần Thơ, Sóc Trăng",Cần Thơ,83,10,70,700,Bao Lô,Đánh thường,y101031304
D9B2EF99F3994D4790CA1C01A754DD55,Cần Thơ,Cần Thơ,83,10,80,800,Bao Lô,Đánh thường,eb06020110
4352F1DF846B441B81E15041B2468A18,"Đồng Nai, Cần Thơ, Sóc Trăng",Cần Thơ,83,4,70,280,Bao Lô,Đánh thường,am02040601
FDADC537457A4C9382BCC309FD966967,"Đồng Nai, Cần Thơ, Sóc Trăng",Cần Thơ,83,5,80,400,Bao Lô,Đánh thường,y101070206
21AE003A2ECE4AFCACD0535AF20A2D97,"Đồng Nai, Cần Thơ, Sóc Trăng",Cần Thơ,83,10,75,750,Bảy Lô Đuôi,Đánh thường,hd04030101
4F94D1B19C5B45A78AB6854A1026CA96,"Đồng Nai, Cần Thơ, Sóc Trăng",Cần Thơ,83,20,70,"1,400",Bao Lô,Đánh thường,eb40030101
D8B7A51848364E6A9B37B2DB9C586510,"Đồng Nai, Cần Thơ, Sóc Trăng",Cần Thơ,83,10,70,700,Bao Lô,Đánh thường,eb40030101
9AEC3BA43A1941A4BC5405132ACDFD6A,"Đồng Nai, Cần Thơ, Sóc Trăng",Đồng Nai,85,5,70,350,Bao Lô,Đánh thường,eb40030101
63C7B6316C1D4CDF8A93B5FBFF343534,"Đồng Nai, Cần Thơ",Đồng Nai,85,700,75,"52,500",Bao Lô,Đánh thường,y2b3040102
DC11184678E2456481ACD157B18B155C,"Đồng Nai, Cần Thơ, Sóc Trăng",Đồng Nai,85,3,75,225,Bao Lô,Đánh thường,h01020108
C38AA2B434C64107B627A0E98C99CE31,"Đồng Nai, Cần Thơ, Sóc Trăng",Đồng Nai,85,5,80,400,Bao Lô,Đánh thường,y101070206
313C7C3FBC9A4794B48C6FC698252486,"Đồng Nai, Cần Thơ, Sóc Trăng",Cần Thơ,86,5,70,350,Bao Lô,Đánh thường,eb40030101
943C596E835944FA8983743A190F00D1,Cần Thơ,Cần Thơ,86,200,75,"15,000",Bao Lô,Đánh thường,hd01260201
84B38C6810124CD08559C717F2617940,Cần Thơ,Cần Thơ,86,5,70,350,Bao Lô,Đánh thường,y101030206
ED2BD698B0484294A6CCC282004146CC,Cần Thơ,Cần Thơ,86,10,70,700,Bao Lô,Đánh thường,y101030219
A49DECDE16664E3CBB2CEA0A085F9BB9,"Đồng Nai, Cần Thơ, Sóc Trăng",Cần Thơ,86,400,75,"30,000",Bao Lô,Đánh thường,am07130124
4D06401024DD4A7482E5226F1DA01A7E,"Đồng Nai, Cần Thơ, Sóc Trăng",Cần Thơ,86,40,75,"3,000",Bao Lô,Đánh thường,am07130124
B9D2A804005242629296C827F9DF6B9A,"Đồng Nai, Cần Thơ, Sóc Trăng",Cần Thơ,86,250,75,"18,750",Bao Lô,Đánh thường,hd10040401
C5EB29B7404D458D98E7683C9AFE761D,"Đồng Nai, Cần Thơ, Sóc Trăng",Cần Thơ,86,5,80,400,Bao Lô,Đánh thường,y101070206
55BEE8A9CFD44917A5D239D398044309,"Đồng Nai, Cần Thơ",Cần Thơ,86,20,75,"1,500",Bao Lô,Đánh thường,hd01280201
2AAF5E9A9C19476488430A7BC2632897,Cần Thơ,Cần Thơ,"86, 93",5,750,"3,750",Đá,Đánh thường,y101060202
4DBE4DD2AE804819BEEE232DFEA132F3,"Đồng Nai, Cần Thơ","Đồng Nai, Cần Thơ","86, 93",3,560,"1,680",Đá Xiên,Đánh thường,y101060202
6AACC7C4990940C882A2B33DC86C85A9,"Cần Thơ, Đồng Nai",Đồng Nai,896,3,650,"1,950",Bao Lô,Đánh thường,hd01570000
9CD18602ED2F4816A492C597E0F400A4,"Sóc Trăng, Đồng Nai",Sóc Trăng,93,"4,000",75,"300,000",Đuôi,Đánh thường,atz010101
F485E847B0304D19B20C4251DB04C86D,"Đồng Nai, Cần Thơ, Sóc Trăng","Cần Thơ, Sóc Trăng",93,5,70,700,Bao Lô,Đánh thường,eb40030101
D862C60296FA48DABF29DDC73D7A37DB,Cần Thơ,Cần Thơ,93,200,75,"15,000",Bao Lô,Đánh thường,hd01260201
09241FFFC2514C1D8B2BE85E0A64A6B8,Sóc Trăng,Sóc Trăng,93,200,75,"15,000",Bao Lô,Đánh thường,hd01260201
3632B9B879144871A8930A9217062BBD,Sóc Trăng,Sóc Trăng,93,30,75,"2,250",Đuôi,Đánh thường,hd10040310
7A44DC24DB4940A797D6E8AB0D0D47BE,Sóc Trăng,Sóc Trăng,93,30,80,"2,400",Đuôi,Đánh thường,y101060301
44E377F3D6C34ACD9F2AB2D358500BEA,Cần Thơ,Cần Thơ,93,3,70,210,Bao Lô,Đánh thường,y101030601
CF5D077A98974F1585ADA8DB6DF2E3CB,"Đồng Nai, Cần Thơ, Sóc Trăng","Cần Thơ, Sóc Trăng",93,5,80,800,Bao Lô,Đánh thường,lta1040503
0FB70D037DD046D5B1A521E7647C233E,"Đồng Nai, Cần Thơ",Cần Thơ,93,20,75,"1,500",Bao Lô,Đánh thường,hd10040405
07CA7D2350074AEC8008FE473CB206FD,"Đồng Nai, Cần Thơ, Sóc Trăng","Cần Thơ, Sóc Trăng",93,3,70,420,Bao Lô,Đánh thường,am02040601
803261486CB043D3821ED17C2F7363B0,"Đồng Nai, Cần Thơ","Đồng Nai, Cần Thơ","93, 94",7,560,"3,920",Đá Xiên,Đánh thường,hd10040405
C8B8643D07534399A7C4B669117AA392,"Đồng Nai, Cần Thơ","Đồng Nai, Cần Thơ","93, 94",5,560,"2,800",Đá Xiên,Đánh thường,hd01260201
462EF7B0F0FF47DB8509979D59C0493D,"Đồng Nai, Sóc Trăng","Đồng Nai, Sóc Trăng","93, 94",5,560,"2,800",Đá Xiên,Đánh thường,hd01260201
9398090C5B3443E7A00589B4C00FE205,"Cần Thơ, Sóc Trăng","Cần Thơ, Sóc Trăng","93, 94",5,560,"2,800",Đá Xiên,Đánh thường,hd01260201
D8116F7F1CC64EB09D51125BD8E5875C,"Đồng Nai, Cần Thơ","Đồng Nai, Cần Thơ","93, 96",5,560,"2,800",Đá Xiên,Đánh thường,hd01260201
3F06B5F8093E463787D8B6893B4BBD58,"Đồng Nai, Sóc Trăng","Đồng Nai, Sóc Trăng","93, 96",5,560,"2,800",Đá Xiên,Đánh thường,hd01260201
54561D326A1847118FB426455C33E909,"Đồng Nai, Cần Thơ","Đồng Nai, Cần Thơ","93, 98",5,560,"2,800",Đá Xiên,Đánh thường,hd01260201
1262FF2B02DA437CA66D66EF7AD3F126,"Đồng Nai, Sóc Trăng","Đồng Nai, Sóc Trăng","93, 98",5,560,"2,800",Đá Xiên,Đánh thường,hd01260201
8180AB124F054F53AC06E480B4A41365,"Đồng Nai, Cần Thơ, Sóc Trăng","Đồng Nai, Sóc Trăng",94,5,70,700,Bao Lô,Đánh thường,eb40030101
BE215F3F8C264829B63D3782317F06A7,"Đồng Nai, Cần Thơ, Sóc Trăng","Đồng Nai, Sóc Trăng",94,5,70,700,Bao Lô,Đánh thường,eb40030101
9A417EBBF600405DA3802C1C580B4058,Đồng Nai,Đồng Nai,94,200,75,"15,000",Bao Lô,Đánh thường,hd01260201
8000DE44ADB4485E89A417FE6B7F2419,Sóc Trăng,Sóc Trăng,94,200,75,"15,000",Bao Lô,Đánh thường,hd01260201
FF12368DF62249A19D33C1BC65022D97,Đồng Nai,Đồng Nai,94,2,80,160,Bao Lô,Đánh thường,atn020102
9A6760FAF1C94646B6FA53CC13A15AED,"Đồng Nai, Cần Thơ, Sóc Trăng","Đồng Nai, Sóc Trăng",94,3,80,480,Bao Lô,Đánh thường,eb06020108
3FA362E551A54DA6B78B9DBFD50EC450,"Đồng Nai, Cần Thơ",Đồng Nai,94,20,75,"1,500",Bao Lô,Đánh thường,hd10040405
5AFAC2080946455FA789D064D9E5E6DE,Sóc Trăng,Sóc Trăng,94,2,80,160,Bao Lô,Đánh thường,eb02070206
0482B35681BF4EBAB3AAB511B4DF0BA4,"Đồng Nai, Cần Thơ","Đồng Nai, Cần Thơ","94, 96",5,560,"2,800",Đá Xiên,Đánh thường,hd01260201
F0CEA510BA4C4ACDA678A7F3C4BB7DEB,"Đồng Nai, Sóc Trăng","Đồng Nai, Sóc Trăng","94, 96",5,560,"2,800",Đá Xiên,Đánh thường,hd01260201
E81441009EBC4FEB95D5A031AC6EC57E,"Đồng Nai, Cần Thơ","Đồng Nai, Cần Thơ","94, 98",5,560,"2,800",Đá Xiên,Đánh thường,hd01260201
3A39CF2317A143BBBD7D8489D88EF097,"Đồng Nai, Sóc Trăng","Đồng Nai, Sóc Trăng","94, 98",5,560,"2,800",Đá Xiên,Đánh thường,hd01260201
E22FB901FF454474958089222486D2D3,Đồng Nai,Đồng Nai,96,200,75,"15,000",Bao Lô,Đánh thường,hd01260201
84B6B7746FFD445B88448A665BBE3220,"Đồng Nai, Cần Thơ, Sóc Trăng",Đồng Nai,96,2.5,60,150,Bao Lô,Đánh thường,hd08040102
E83365132F7F480993C09B781F717343,"Đồng Nai, Cần Thơ, Sóc Trăng",Đồng Nai,96,5,80,400,Bao Lô,Đánh thường,lta1040503
F856F0EB7484463A89122DC0AF086FC8,"Đồng Nai, Cần Thơ","Đồng Nai, Cần Thơ","96, 98",5,560,"2,800",Đá Xiên,Đánh thường,hd01260201
DEB04F0503CA49EA83BF2873BCE90EC8,"Đồng Nai, Sóc Trăng","Đồng Nai, Sóc Trăng","96, 98",5,560,"2,800",Đá Xiên,Đánh thường,hd01260201
1B1B04387063494F97B0A5A8F9496200,"Đồng Nai, Cần Thơ, Sóc Trăng",Đồng Nai,98,6.5,70,455,Bao Lô,Đánh thường,eb40030101
9222BE28173044C285D0D89E5185262C,Đồng Nai,Đồng Nai,98,200,75,"15,000",Bao Lô,Đánh thường,hd01260201
21A44EA7C6394F5EAB119B1A46103608,"Đồng Nai, Cần Thơ, Sóc Trăng",Đồng Nai,98,10,80,800,Bao Lô,Đánh thường,y101070206
101D785CA5534902A901F5E6897EC134,"Đồng Nai, Cần Thơ, Sóc Trăng",Đồng Nai,98,13,70,910,Bao Lô,Đánh thường,eb40030101
,,,,,,,,,
,,,,,,,,,
,,,,,,,,,
TỔNG VÉ TRÚNG: 421,,,,,,,,,
"TỔNG TIỀN CƯỢC TRÚNG: 46,037.4 ( 2D: 45,442.9. 3D4D: 594.5)",,,,,,,,,
"TỔNG TIỀN TRÚNG: 4,809,544 ( 2D: 3,895,194. 3D4D: 914,350)",,,,,,,,,
