﻿Mã Phiếu,Thành Viên,Số Đánh,Tiền Cược,Trước Cò,Sau Cò,Cò,Cò tăng thêm,Kiểu Đánh,Loại Đánh,Loại,Đài,IP Đăng Nhập,Tin Cược,Ngày Đánh,Thời Gian Tạo
DEEF46BB9C8846249370107050B8012C,hd09070101,36,218,218,166.77,0.765,"{""danang"":{""36"":0}}",Đuôi,Đánh LIVE,2D,Đà Nẵng,2a09:bac1:6540:8::23:46e,"{""short"":""mt.dnang.36.duoi.218"",""full"":""17:25:13 - Đà Nẵng - 36 - Đuôi - 218""}",09/10/2024,09/10/02024 17:25:13
619CCA5790144F0E8F25034A60169B09,am02040103,46,20,460,328.9,0.715,"{""danang"":{""46"":0},""khanhhoa"":{""46"":0}}",Bao Lô,Đánh LIVE,2D,"Đà Nẵng, Khánh Hoà",2a09:bac5:d46b:137d::1f1:1ae,"{""short"":""mt.dnang, kh.46.baolo.20"",""full"":""17:19:17 - Đà Nẵng, Khánh Hòa - 46 - Bao Lô - 20""}",09/10/2024,09/10/02024 17:19:17
D59D3382E8F8457ABF2909020EF59801,hd04030201,79,500,"1,000",715,0.715,"{""danang"":{""79"":0},""khanhhoa"":{""79"":0}}",Đuôi,Đánh LIVE,2D,"Đà Nẵng, Khánh Hoà",27.69.166.11,"{""short"":""mt.dnang, kh.79.duoi.500"",""full"":""17:15:24 - Đà Nẵng, Khánh Hòa - 79 - Đuôi - 500""}",09/10/2024,09/10/02024 17:15:24
,,,,,,,,,,,,,,,
,,,,,,,,,,,,,,,
,,,,,,,,,,,,,,,
TỔNG SỐ VÉ: 3,,,,,,,,,,,,,,,
"TỔNG TIỀN CƯỢC TRƯỚC CÒ: 1,678 ( 2D: 1,678. 3D4D: 0 )",,,,,,,,,,,,,,,
"TỔNG TIỀN CƯỢC SAU CÒ: 1,210.67 ( 2D: 1,210.67. 3D4D: 0 )",,,,,,,,,,,,,,,
