﻿Mã Phiếu,Thành Viên,Số Đánh,Tiền Cược,Trước Cò,Sau Cò,Cò,Cò tăng thêm,Kiểu Đánh,Loại Đánh,Loại,Đài,IP Đăng Nhập,Tin Cược,Ngày Đánh,Thời Gian Tạo
41C9903773A7458E97C9F5A30C4AE7F9,atm040101,11,100,200,162,0.81,"{""dongnai"":{""11"":0},""soctrang"":{""11"":0}}",Đuôi,Đánh LIVE,2D,"Dong Nai, Soc Trang",45.80.187.39,"{""short"":""mn.dn, st.11.duoi.100"",""full"":""16:18:07 - Đồng Nai, Sóc Trăng - 11 - Đuôi - 100""}",09/10/2024,09/10/02024 16:18:07
A1FC226F558B41C997DBD47D354707D7,atm040101,11,215,215,174.15,0.81,"{""cantho"":{""11"":0}}",Bao Lô,Đánh LIVE,2D,Can Tho,45.80.187.39,"{""short"":""mn.ct.11.baolo.215"",""full"":""16:28:23 - Cần Thơ - 11 - Bao Lô - 215""}",09/10/2024,09/10/02024 16:28:23
9B9E6C1EF8DA49899069D347C11F719A,atm040101,19,40,40,33.2,0.81,"{""cantho"":{""19"":0.02}}",Đuôi,Đánh LIVE,2D,Can Tho,45.80.187.39,"{""short"":""mn.ct.19.duoi.40"",""full"":""16:12:17 - Cần Thơ - 19 - Đuôi - 40""}",09/10/2024,09/10/02024 16:12:17
9A209BAF522A452DA1F7D6B1ABEC2F62,atm040101,39,40,40,32.4,0.81,"{""cantho"":{""39"":0}}",Bao Lô,Đánh LIVE,2D,Can Tho,45.80.187.39,"{""short"":""mn.ct.39.baolo.40"",""full"":""16:28:16 - Cần Thơ - 39 - Bao Lô - 40""}",09/10/2024,09/10/02024 16:28:16
EA0E4FE3757C41DB9E58774231D527DD,hd09070101,55,108,108,82.08,0.76,"{""cantho"":{""55"":0}}",Đuôi,Đánh LIVE,2D,Can Tho,2a09:bac1:6500:8::23:46e,"{""short"":""mn.ct.55.duoi.108"",""full"":""16:17:25 - Cần Thơ - 55 - Đuôi - 108""}",09/10/2024,09/10/02024 16:17:25
23CC3E090BA4414495B7D35D85C2D7E8,hd04030201,63,100,400,284,0.71,"{""dongnai"":{""63"":0},""cantho"":{""63"":0}}",Bao Lô,Đánh LIVE,2D,"Dong Nai, Can Tho",27.69.166.11,"{""short"":""mn.dn, ct.63.baolo.100"",""full"":""16:27:35 - Đồng Nai, Cần Thơ - 63 - Bao Lô - 100""}",09/10/2024,09/10/02024 16:27:35
05039130F8A34D6D8871B975D5A24F48,hd04030201,64,50,200,142,0.71,"{""dongnai"":{""64"":0},""cantho"":{""64"":0}}",Bao Lô,Đánh LIVE,2D,"Dong Nai, Can Tho",27.69.166.11,"{""short"":""mn.dn, ct.64.baolo.50"",""full"":""16:27:48 - Đồng Nai, Cần Thơ - 64 - Bao Lô - 50""}",09/10/2024,09/10/02024 16:27:48
670310BD20E04D7EB559C32E03C452C5,hd04030201,69,50,200,142,0.71,"{""dongnai"":{""69"":0},""cantho"":{""69"":0}}",Bao Lô,Đánh LIVE,2D,"Dong Nai, Can Tho",27.69.166.11,"{""short"":""mn.dn, ct.69.baolo.50"",""full"":""16:27:48 - Đồng Nai, Cần Thơ - 69 - Bao Lô - 50""}",09/10/2024,09/10/02024 16:27:48
E7A5FBB710264AF78AF8C50B8127CB54,hd04030201,91,10,340,241.4,0.71,"{""dongnai"":{""91"":0},""cantho"":{""91"":0},""soctrang"":{""91"":0}}",Bao Lô,Đánh LIVE,2D,"Dong Nai, Can Tho, Soc Trang",27.69.166.11,"{""short"":""mn.dn, ct, st.91.baolo.10"",""full"":""16:20:46 - Đồng Nai, Cần Thơ, Sóc Trăng - 91 - Bao Lô - 10""}",09/10/2024,09/10/02024 16:20:47
80402EBB31EF489C80E99EA27DF452A1,hd04030201,91,100,400,284,0.71,"{""dongnai"":{""91"":0},""cantho"":{""91"":0}}",Bao Lô,Đánh LIVE,2D,"Dong Nai, Can Tho",27.69.166.11,"{""short"":""mn.dn, ct.91.baolo.100"",""full"":""16:27:35 - Đồng Nai, Cần Thơ - 91 - Bao Lô - 100""}",09/10/2024,09/10/02024 16:27:35
,,,,,,,,,,,,,,,
,,,,,,,,,,,,,,,
,,,,,,,,,,,,,,,
TỔNG SỐ VÉ: 10,,,,,,,,,,,,,,,
"TỔNG TIỀN CƯỢC TRƯỚC CÒ: 2,143 ( 2D: 2,143. 3D4D: 0 )",,,,,,,,,,,,,,,
"TỔNG TIỀN CƯỢC SAU CÒ: 1,577.23 ( 2D: 1,577.23. 3D4D: 0 )",,,,,,,,,,,,,,,
